MSSV,HoTen,Lop,DiemToan,DiemLy,DiemHoa,DiemTB,VangPercent,XepLoai
SV0001,Phan Van Phong,23DTH1B,7.08,6.65,7.97,7.23,15.0,Gioi
SV0002,Nguyen Thuy Trang,23DTH1C,4.27,3.27,3.84,3.79,13.0,Yeu
SV0003,Do Cong Khang,23DTH1D,9.12,9.52,8.43,9.02,8.0,Xuat sac
SV0004,Duong Huu An,23DTH2A,6.39,6.8,5.81,6.33,3.2,Kha
SV0005,Tran Huu Thanh,23DTH2B,9.09,9.47,7.8,8.79,14.7,Xuat sac
SV0006,Pham Huu Hai,23DTH2C,5.91,4.97,6.44,5.77,8.3,Kha
SV0007,Dang Bich Phuong,23DTH2D,6.55,8.46,7.33,7.45,12.3,Gioi
SV0008,Bui Thi Binh,23DTH1A,6.63,7.48,7.93,7.35,9.0,Gioi
SV0009,Dang Kim Phuong,23DTH1B,7.79,7.93,7.0,7.57,1.7,Gioi
SV0010,Tran Ngoc Uyen,23DTH1C,5.22,4.04,5.61,4.96,0,Trung binh
SV0011,Huynh Huu Hung,23DTH1D,7.29,8.12,6.86,7.42,9.5,Gioi
SV0012,Le Thanh Nhi,23DTH2A,6.02,5.29,5.84,5.72,10.5,Kha
SV0013,Ho Thu Quyen,23DTH2B,8.61,8.57,8.42,8.53,21.6,Xuat sac
SV0014,Pham My Giang,23DTH2C,8.23,8.54,9.84,8.87,8.0,Xuat sac
SV0015,Vo Bich Nga,23DTH2D,6.93,7.28,5.34,6.52,0,Kha
SV0016,Dang Thanh Oanh,23DTH1A,7.61,5.71,6.05,6.46,14.4,Kha
SV0017,Huynh Duc Khoa,23DTH1B,6.18,6.41,5.58,6.06,10.6,Kha
SV0018,Ngo Duc Cuong,23DTH1C,4.5,4.53,5.44,4.82,2.1,Trung binh
SV0019,Vu Thuy Uyen,23DTH1D,6.66,5.14,6.47,6.09,16.9,Kha
SV0020,Tran Quoc Khoa,23DTH2A,7.19,7.27,6.88,7.11,0.8,Gioi
SV0021,Huynh Huu Phuc,23DTH2B,6.16,6.99,6.08,6.41,6.3,Kha
SV0022,Le Huong Linh,23DTH2C,6.07,6.17,5.22,5.82,8.3,Kha
SV0023,Ngo Huu Minh,23DTH2D,5.2,6.71,6.71,6.21,12.1,Kha
SV0024,Vu Duc Quan,23DTH1A,5.52,4.84,3.24,4.53,14.6,Trung binh
SV0025,Phan Cong Quan,23DTH1B,5.64,6.74,6.99,6.46,19.2,Kha
SV0026,Ho Trung Hung,23DTH1C,9.97,9.34,9.76,9.69,10.2,Xuat sac
SV0027,Nguyen Huu Thanh,23DTH1D,6.01,5.82,6.73,6.19,0,Kha
SV0028,Bui Minh Son,23DTH2A,6.4,5.69,5.96,6.02,5.3,Kha
SV0029,Huynh Van Quan,23DTH2B,4.38,4.95,5.95,5.09,18.9,Trung binh
SV0030,Huynh My Hoa,23DTH2C,7.51,6.28,7.01,6.93,2.3,Kha
SV0031,Phan Kim Uyen,23DTH2D,9.08,7.79,8.84,8.57,0,Xuat sac
SV0032,Dang Thuy Binh,23DTH1A,8.1,8.08,7.66,7.95,17.2,Gioi
SV0033,Duong My Yen,23DTH1B,7.62,7.66,6.39,7.22,3.6,Gioi
SV0034,Huynh Kim Yen,23DTH1C,5.27,5.91,6.98,6.05,0.4,Kha
SV0035,Le Hoang Dat,23DTH1D,10,9.96,9.63,9.86,7.6,Xuat sac
SV0036,Le Quoc Khang,23DTH2A,6.67,8.31,7.9,7.63,5.8,Gioi
SV0037,Bui Duc Thanh,23DTH2B,6.18,5.61,6.76,6.18,17.7,Kha
SV0038,Ho Huong An,23DTH2C,6.57,6.45,7.01,6.68,6.9,Kha
SV0039,Vo Anh Tuan,23DTH2D,7.53,7.32,7.53,7.46,0,Gioi
SV0040,Hoang Kim Trang,23DTH1A,7.85,9.31,8.22,8.46,19.6,Gioi
SV0041,Hoang Quoc Long,23DTH1B,8.23,8.25,6.9,7.79,18.5,Gioi
SV0042,Bui Hoang Binh,23DTH1C,6.1,6.9,6.42,6.47,14.7,Kha
SV0043,Phan Bich Van,23DTH1D,3.94,4.68,4.1,4.24,2.5,Trung binh
SV0044,Vu Thu An,23DTH2A,4.09,4.55,3.77,4.14,9.9,Trung binh
SV0045,Bui Minh Dat,23DTH2B,9.73,9.56,9.81,9.7,2.4,Xuat sac
SV0046,Le Kim An,23DTH2C,7.37,6.22,6.16,6.58,12.4,Kha
SV0047,Pham Van Dat,23DTH2D,7.7,8.24,7.49,7.81,3.5,Gioi
SV0048,Vu Anh Khang,23DTH1A,6.54,7.56,7.46,7.19,21.9,Gioi
SV0049,Nguyen Thuy Quyen,23DTH1B,5.07,5.88,6.76,5.9,18.8,Kha
SV0050,Hoang Thu Nga,23DTH1C,7.29,5.59,4.79,5.89,11.3,Kha
SV0051,Ngo Huong Duyen,23DTH1D,7.44,8.42,8.28,8.05,25.8,Gioi
SV0052,Ho My Nga,23DTH2A,7.55,8.14,7.0,7.56,7.5,Gioi
SV0053,Hoang Gia Dung,23DTH2B,8.05,9.13,7.71,8.3,7.8,Gioi
SV0054,Ho My Ha,23DTH2C,5.39,5.43,5.39,5.4,14.3,Trung binh
SV0055,Tran Hoang Giang,23DTH2D,7.13,7.51,7.78,7.47,4.4,Gioi
SV0056,Nguyen Cong Long,23DTH1A,5.83,4.69,4.75,5.09,15.0,Trung binh
SV0057,Le My Quyen,23DTH1B,7.44,6.97,7.11,7.17,12.3,Gioi
SV0058,Le Thu Trang,23DTH1C,8.51,8.68,8.44,8.54,0,Xuat sac
SV0059,Huynh Bich Duyen,23DTH1D,5.81,5.96,5.2,5.66,0,Kha
SV0060,Phan Thuy Hoa,23DTH2A,8.46,7.86,8.13,8.15,11.9,Gioi
SV0061,Bui Kim Mai,23DTH2B,8.98,8.57,7.5,8.35,0,Gioi
SV0062,Bui Ngoc Giang,23DTH2C,3.65,3.77,4.03,3.82,16.9,Yeu
SV0063,Ngo Lan Linh,23DTH2D,3.18,3.74,4.07,3.66,10.7,Yeu
SV0064,Bui Thuy Linh,23DTH1A,7.14,7.71,7.11,7.32,17.1,Gioi
SV0065,Duong Anh Khoa,23DTH1B,6.52,5.82,5.73,6.02,0.3,Kha
SV0066,Vo Quoc An,23DTH1C,6.22,5.47,5.09,5.59,9.5,Kha
SV0067,Tran Ngoc Mai,23DTH1D,5.34,5.77,4.79,5.3,7.7,Trung binh
SV0068,Huynh Thuy Giang,23DTH2A,7.39,6.51,7.67,7.19,20.6,Gioi
SV0069,Nguyen Lan Van,23DTH2B,8.09,7.05,7.27,7.47,13.0,Gioi
SV0070,Bui Lan Van,23DTH2C,5.44,5.18,4.49,5.04,12.6,Trung binh
SV0071,Bui Thi Binh,23DTH2D,6.67,8.52,7.09,7.43,16.2,Gioi
SV0072,Phan Hoang Khang,23DTH1A,4.64,5.36,4.77,4.92,10.8,Trung binh
SV0073,Hoang Kim Van,23DTH1B,4.8,4.17,3.88,4.28,31.7,Trung binh
SV0074,Bui Thu Nhi,23DTH1C,8.27,8.04,7.84,8.05,0,Gioi
SV0075,Bui Cong Dung,23DTH1D,4.88,5.6,6.53,5.67,5.5,Kha
SV0076,Le Bich Quyen,23DTH2A,6.3,8.45,8.42,7.72,26.6,Gioi
SV0077,Huynh Duc Nam,23DTH2B,8.09,8.73,8.13,8.32,0,Gioi
SV0078,Bui Anh Dat,23DTH2C,8.07,8.49,7.7,8.09,7.6,Gioi
SV0079,Ngo Quoc Phong,23DTH2D,7.92,6.74,7.33,7.33,15.7,Gioi
SV0080,Dang Duc Quan,23DTH1A,7.23,6.71,7.16,7.03,0.2,Gioi
SV0081,Bui Anh Cuong,23DTH1B,5.85,5.79,5.44,5.69,0,Kha
SV0082,Dang Thu Binh,23DTH1C,8.16,7.49,8.6,8.08,29.9,Gioi
SV0083,Le Thanh Uyen,23DTH1D,9.69,9.28,8.04,9.0,3.9,Xuat sac
SV0084,Vu Hoang Son,23DTH2A,5.16,4.29,5.07,4.84,12.3,Trung binh
SV0085,Hoang Anh Giang,23DTH2B,6.47,7.27,7.63,7.12,9.8,Gioi
SV0086,Bui Huong Van,23DTH2C,7.25,7.89,6.73,7.29,2.2,Gioi
SV0087,Dang Trung An,23DTH2D,5.63,5.04,4.61,5.09,7.0,Trung binh
SV0088,Ngo Huu Khang,23DTH1A,7.68,8.61,8.22,8.17,16.0,Gioi
SV0089,Phan Hoang Long,23DTH1B,6.33,6.68,7.17,6.73,27.8,Kha
SV0090,Huynh Ngoc Chi,23DTH1C,9.25,8.51,8.8,8.85,6.1,Xuat sac
SV0091,Le My Binh,23DTH1D,5.33,5.4,5.53,5.42,4.3,Trung binh
SV0092,Huynh Ngoc Van,23DTH2A,6.65,5.51,5.83,6.0,5.2,Kha
SV0093,Phan Gia Viet,23DTH2B,2.73,4.3,2.34,3.12,10.8,Yeu
SV0094,Tran Van Quan,23DTH2C,4.82,6.08,6.71,5.87,9.4,Kha
SV0095,Huynh Cong Hung,23DTH2D,9.57,7.6,6.93,8.03,9.4,Gioi
SV0096,Ngo Huu Son,23DTH1A,7.87,7.74,7.53,7.71,1.4,Gioi
SV0097,Nguyen Thi Nhi,23DTH1B,5.78,7.06,5.75,6.2,20.0,Kha
SV0098,Tran Quoc Thanh,23DTH1C,7.17,7.13,6.18,6.83,0,Kha
SV0099,Bui Minh Phuc,23DTH1D,6.23,7.28,6.45,6.65,10.6,Kha
SV0100,Bui My Giang,23DTH2A,7.88,7.61,7.55,7.68,1.7,Gioi
SV0101,Pham Minh Giang,23DTH2B,7.64,8.17,9.23,8.35,0,Gioi
SV0102,Phan Minh Dung,23DTH2C,5.6,4.85,4.65,5.03,2.0,Trung binh
SV0103,Dang Hoang Binh,23DTH2D,4.05,3.34,2.39,3.26,10.9,Yeu
SV0104,Bui Hoang Dung,23DTH1A,4.83,5.61,4.56,5.0,0,Trung binh
SV0105,Ho Huu Son,23DTH1B,7.32,8.63,6.78,7.58,3.1,Gioi
SV0106,Duong Huong Oanh,23DTH1C,9.58,9.24,8.82,9.21,8.7,Xuat sac
SV0107,Hoang Hoang Dung,23DTH1D,6.39,5.86,6.57,6.27,0.8,Kha
SV0108,Ho Gia Binh,23DTH2A,8.72,8.13,9.0,8.62,8.6,Xuat sac
SV0109,Dang Ngoc Nhi,23DTH2B,5.07,5.7,5.65,5.47,0,Trung binh
SV0110,Do Thuy Giang,23DTH2C,6.46,6.56,6.51,6.51,17.7,Kha
SV0111,Ho Kim Thao,23DTH2D,5.42,5.15,3.84,4.8,18.9,Trung binh
SV0112,Ngo Lan Trang,23DTH1A,3.42,3.66,4.0,3.69,15.3,Yeu
SV0113,Huynh Thanh Yen,23DTH1B,4.55,4.64,3.7,4.3,16.6,Trung binh
SV0114,Pham Anh Tuan,23DTH1C,6.28,6.82,7.22,6.77,13.1,Kha
SV0115,Vu Duc Son,23DTH1D,6.68,5.64,5.59,5.97,10.1,Kha
SV0116,Vu Lan Lan,23DTH2A,5.98,7.14,7.56,6.89,18.2,Kha
SV0117,Dang Duc Viet,23DTH2B,5.64,7.02,7.01,6.56,0,Kha
SV0118,Pham Hoang Dung,23DTH2C,5.14,6.77,5.3,5.74,9.7,Kha
SV0119,Huynh Bich Binh,23DTH2D,8.96,8.23,8.92,8.7,5.7,Xuat sac
SV0120,Vo Lan Yen,23DTH1A,8.17,9.34,8.14,8.55,7.4,Xuat sac
SV0121,Do Thu Phuong,23DTH1B,7.21,5.42,7.4,6.68,14.9,Kha
SV0122,Nguyen Thuy Duyen,23DTH1C,4.22,5.43,5.23,4.96,24.9,Trung binh
SV0123,Ho Thanh An,23DTH1D,7.29,6.54,6.08,6.64,9.3,Kha
SV0124,Duong My Chi,23DTH2A,8.2,8.57,6.62,7.8,3.6,Gioi
SV0125,Phan Hoang Binh,23DTH2B,8.38,7.83,7.74,7.98,18.9,Gioi
SV0126,Duong Van An,23DTH2C,3.19,2.25,3.66,3.03,4.9,Yeu
SV0127,Vu Thu Nhi,23DTH2D,6.6,7.6,6.86,7.02,0,Gioi
SV0128,Tran Hoang Minh,23DTH1A,7.98,8.18,8.01,8.06,0,Gioi
SV0129,Do Huong Ha,23DTH1B,4.54,4.44,4.43,4.47,10.7,Trung binh
SV0130,Ngo Hoang Dung,23DTH1C,6.99,7.01,6.36,6.79,8.9,Kha
SV0131,Nguyen Cong Binh,23DTH1D,7.28,6.27,7.41,6.99,15.4,Kha
SV0132,Vu Huu Viet,23DTH2A,3.56,2.83,3.41,3.27,2.4,Yeu
SV0133,Dang Van Phong,23DTH2B,7.35,8.14,7.02,7.5,11.2,Gioi
SV0134,Ho Duc Viet,23DTH2C,3.02,3.21,2.91,3.05,18.3,Yeu
SV0135,Bui My Linh,23DTH2D,6.76,6.53,5.58,6.29,17.3,Kha
SV0136,Vo Minh Nam,23DTH1A,7.76,7.52,6.6,7.29,12.6,Gioi
SV0137,Hoang Hoang Nam,23DTH1B,7.56,7.21,7.21,7.33,10.7,Gioi
SV0138,Phan Lan Ha,23DTH1C,6.07,5.93,5.87,5.96,10.3,Kha
SV0139,Vu Minh An,23DTH1D,2.91,4.71,4.46,4.03,4.0,Trung binh
SV0140,Bui Quoc Khoa,23DTH2A,9.04,8.01,8.95,8.67,11.1,Xuat sac
SV0141,Bui Van Viet,23DTH2B,6.32,5.93,6.47,6.24,0,Kha
SV0142,Ngo Van Thanh,23DTH2C,5.96,5.71,6.75,6.14,0,Kha
SV0143,Vo My Mai,23DTH2D,6.99,6.26,6.22,6.49,6.3,Kha
SV0144,Vu Thu Chi,23DTH1A,7.08,6.59,4.98,6.22,6.4,Kha
SV0145,Bui Huu Thanh,23DTH1B,3.42,3.89,3.93,3.75,18.1,Yeu
SV0146,Ngo Gia Hai,23DTH1C,6.81,7.52,6.81,7.05,18.9,Gioi
SV0147,Tran Huu Cuong,23DTH1D,9.81,7.58,8.53,8.64,15.1,Xuat sac
SV0148,Dang Hoang Long,23DTH2A,6.87,6.26,6.29,6.47,7.7,Kha
SV0149,Bui Thu Hoa,23DTH2B,6.28,5.8,5.8,5.96,3.2,Kha
SV0150,Ngo Van Minh,23DTH2C,6.97,7.67,9.38,8.01,17.7,Gioi
SV0151,Ho Hoang Khang,23DTH2D,6.88,6.97,7.42,7.09,13.8,Gioi
SV0152,Tran Duc Son,23DTH1A,6.18,5.68,6.88,6.25,0,Kha
SV0153,Ngo Hoang Khang,23DTH1B,6.8,7.37,6.6,6.92,1.3,Kha
SV0154,Tran Thuy Oanh,23DTH1C,6.41,4.88,6.94,6.08,9.1,Kha
SV0155,Tran Cong Binh,23DTH1D,6.87,7.21,6.2,6.76,17.6,Kha
SV0156,Huynh Anh Hai,23DTH2A,8.51,8.97,9.86,9.11,0,Xuat sac
SV0157,Dang Thu Thao,23DTH2B,6.34,5.13,5.74,5.74,4.6,Kha
SV0158,Phan Van Hung,23DTH2C,6.97,5.56,5.05,5.86,4.5,Kha
SV0159,Dang Anh Tuan,23DTH2D,4.6,5.06,5.75,5.14,5.7,Trung binh
SV0160,Vo Thuy Binh,23DTH1A,5.9,6.14,5.74,5.93,27.7,Kha
SV0161,Tran Thu Yen,23DTH1B,6.39,6.83,7.04,6.75,11.6,Kha
SV0162,Nguyen Thuy Binh,23DTH1C,9.11,8.05,9.32,8.83,16.2,Xuat sac
SV0163,Hoang Thu Uyen,23DTH1D,6.02,6.92,7.02,6.65,6.4,Kha
SV0164,Ho Ngoc Lan,23DTH2A,6.4,6.11,5.58,6.03,18.6,Kha
SV0165,Bui Ngoc Ha,23DTH2B,8.12,7.46,7.33,7.64,0.6,Gioi
SV0166,Le Thi Giang,23DTH2C,8.89,7.56,8.76,8.4,11.9,Gioi
SV0167,Ngo Lan Binh,23DTH2D,9.53,9.64,8.85,9.34,0,Xuat sac
SV0168,Nguyen Thu Giang,23DTH1A,7.49,7.02,7.55,7.35,8.5,Gioi
SV0169,Le Kim Uyen,23DTH1B,7.14,6.59,7.23,6.99,8.6,Kha
SV0170,Dang My Hoa,23DTH1C,6.04,5.64,6.41,6.03,5.6,Kha
SV0171,Le Cong Dung,23DTH1D,5.1,4.71,5.0,4.94,19.4,Trung binh
SV0172,Huynh Thu Oanh,23DTH2A,7.96,9.47,9.26,8.9,7.0,Xuat sac
SV0173,Hoang Trung An,23DTH2B,7.2,5.67,5.93,6.27,15.7,Kha
SV0174,Tran Huu Giang,23DTH2C,7.67,7.29,6.25,7.07,13.3,Gioi
SV0175,Duong Cong Giang,23DTH2D,5.54,6.19,7.45,6.39,11.2,Kha
SV0176,Le Anh Khang,23DTH1A,7.76,6.31,7.24,7.1,11.8,Gioi
SV0177,Do Lan Thao,23DTH1B,7.81,6.81,8.04,7.55,15.3,Gioi
SV0178,Do Thu Yen,23DTH1C,6.49,7.81,7.66,7.32,9.6,Gioi
SV0179,Vu Hoang Hai,23DTH1D,6.4,5.74,6.62,6.25,6.1,Kha
SV0180,Nguyen Van Dung,23DTH2A,8.02,8.96,8.93,8.64,9.1,Xuat sac
SV0181,Phan Anh Khang,23DTH2B,4.92,4.3,4.98,4.73,17.9,Trung binh
SV0182,Nguyen Huong Duyen,23DTH2C,7.07,7.13,6.7,6.97,1.0,Kha
SV0183,Ho Thanh Duyen,23DTH2D,5.53,6.26,7.28,6.36,7.7,Kha
SV0184,Hoang Cong Phuc,23DTH1A,8.0,8.86,9.14,8.67,0,Xuat sac
SV0185,Tran Thi Mai,23DTH1B,7.78,7.8,6.62,7.4,8.4,Gioi
SV0186,Do Huu Phuc,23DTH1C,6.35,5.49,5.8,5.88,9.9,Kha
SV0187,Tran Lan Binh,23DTH1D,5.97,5.99,5.21,5.72,0,Kha
SV0188,Dang Huu Tuan,23DTH2A,9.31,8.8,7.94,8.68,13.9,Xuat sac
SV0189,Duong Lan Nhi,23DTH2B,5.13,5.13,4.65,4.97,15.2,Trung binh
SV0190,Huynh Hoang Nam,23DTH2C,4.32,5.18,5.7,5.07,0,Trung binh
SV0191,Duong Cong Nam,23DTH2D,6.08,5.72,5.99,5.93,19.8,Kha
SV0192,Vu Trung Binh,23DTH1A,6.91,7.42,6.66,7.0,11.3,Gioi
SV0193,Duong Thuy Hoa,23DTH1B,6.7,7.4,6.13,6.74,13.7,Kha
SV0194,Le Thu Oanh,23DTH1C,8.0,8.76,7.64,8.13,5.1,Gioi
SV0195,Do Huu Binh,23DTH1D,4.99,5.91,5.12,5.34,9.4,Trung binh
SV0196,Le Kim An,23DTH2A,5.2,5.84,5.52,5.52,14.8,Kha
SV0197,Phan Thi Chi,23DTH2B,5.69,5.79,5.68,5.72,23.1,Kha
SV0198,Nguyen Van Phong,23DTH2C,7.73,9.43,9.1,8.75,18.7,Xuat sac
SV0199,Duong Quoc Dung,23DTH2D,7.83,9.28,8.35,8.49,9.6,Gioi
SV0200,Vu Thi Yen,23DTH1A,7.03,7.18,7.45,7.22,18.1,Gioi
SV0201,Nguyen Cong Viet,23DTH1B,5.6,7.19,5.64,6.14,9.5,Kha
SV0202,Do Van Viet,23DTH1C,5.5,6.43,6.62,6.18,0,Kha
SV0203,Hoang Huong Phuong,23DTH1D,6.21,6.07,5.83,6.04,7.3,Kha
SV0204,Phan Thi An,23DTH2A,8.6,8.01,8.69,8.43,2.2,Gioi
SV0205,Ho Huong Giang,23DTH2B,8.22,6.88,6.56,7.22,2.6,Gioi
SV0206,Vu Thuy Quyen,23DTH2C,6.86,6.81,5.82,6.5,8.0,Kha
SV0207,Bui Van Khoa,23DTH2D,8.86,8.13,7.93,8.31,0,Gioi
SV0208,Ngo Huong Mai,23DTH1A,5.22,5.01,4.65,4.96,11.2,Trung binh
SV0209,Ho Trung Khoa,23DTH1B,7.13,6.51,6.98,6.87,8.8,Kha
SV0210,Bui Trung Phuc,23DTH1C,6.19,6.31,5.86,6.12,4.3,Kha
SV0211,Vu Thi Binh,23DTH1D,5.92,6.05,6.89,6.29,24.2,Kha
SV0212,Dang Huu Binh,23DTH2A,5.12,4.76,5.29,5.06,22.1,Trung binh
SV0213,Huynh Van Thanh,23DTH2B,3.13,4.36,4.51,4.0,22.9,Trung binh
SV0214,Vo Thuy Nga,23DTH2C,6.37,6.72,7.6,6.9,1.7,Kha
SV0215,Nguyen Ngoc Ha,23DTH2D,6.34,6.71,6.6,6.55,3.2,Kha
SV0216,Vo Ngoc Hoa,23DTH1A,8.07,6.85,6.81,7.24,10.3,Gioi
SV0217,Vo Gia Long,23DTH1B,6.77,5.38,7.34,6.5,11.8,Kha
SV0218,Pham Minh Dung,23DTH1C,7.13,6.61,7.1,6.95,22.5,Kha
SV0219,Le Bich Mai,23DTH1D,5.95,5.77,4.44,5.39,24.0,Trung binh
SV0220,Phan Huong Nhi,23DTH2A,4.71,6.4,4.52,5.21,24.9,Trung binh
SV0221,Bui Ngoc Duyen,23DTH2B,5.76,5.22,4.89,5.29,16.5,Trung binh
SV0222,Dang Cong Thanh,23DTH2C,6.27,5.59,5.08,5.65,2.5,Kha
SV0223,Dang Anh Phong,23DTH2D,4.66,4.09,5.23,4.66,18.2,Trung binh
SV0224,Vu Gia Long,23DTH1A,5.79,7.02,5.98,6.26,8.5,Kha
SV0225,Bui Ngoc Linh,23DTH1B,8.44,7.5,8.66,8.2,17.5,Gioi
SV0226,Dang Huong Lan,23DTH1C,7.1,7.19,8.26,7.52,7.0,Gioi
SV0227,Bui Trung Khang,23DTH1D,6.91,6.24,7.65,6.93,5.8,Kha
SV0228,Bui Van Minh,23DTH2A,6.36,7.12,6.88,6.79,0,Kha
SV0229,Nguyen Huong Nhi,23DTH2B,8.39,9.11,9.36,8.95,6.1,Xuat sac
SV0230,Duong Lan Nga,23DTH2C,4.3,5.08,4.92,4.77,16.7,Trung binh
SV0231,Hoang Thuy Mai,23DTH2D,7.65,8.19,7.45,7.76,6.7,Gioi
SV0232,Huynh Minh Hung,23DTH1A,6.68,5.75,6.28,6.24,17.2,Kha
SV0233,Phan Minh Giang,23DTH1B,3.06,3.55,3.85,3.49,5.0,Yeu
SV0234,Huynh Thi Uyen,23DTH1C,3.31,3.41,3.45,3.39,17.5,Yeu
SV0235,Ho Hoang Binh,23DTH1D,7.72,8.96,7.75,8.14,17.9,Gioi
SV0236,Nguyen Duc Giang,23DTH2A,4.47,5.21,5.22,4.97,11.6,Trung binh
SV0237,Do Van Viet,23DTH2B,4.72,5.98,7.3,6.0,15.8,Kha
SV0238,Ho Gia Hai,23DTH2C,7.81,7.2,7.22,7.41,20.4,Gioi
SV0239,Pham Trung Dung,23DTH2D,7.06,8.17,8.32,7.85,0,Gioi
SV0240,Pham Trung Dat,23DTH1A,6.23,6.8,6.63,6.55,5.4,Kha
SV0241,Tran My Uyen,23DTH1B,6.07,6.13,6.12,6.11,9.8,Kha
SV0242,Ngo Trung Hung,23DTH1C,6.05,5.97,7.81,6.61,5.0,Kha
SV0243,Phan Thuy An,23DTH1D,4.04,4.8,4.28,4.37,19.9,Trung binh
SV0244,Do Hoang Hung,23DTH2A,6.76,6.46,5.72,6.31,9.2,Kha
SV0245,Tran Duc An,23DTH2B,3.72,3.87,2.69,3.43,17.6,Yeu
SV0246,Nguyen Cong Quan,23DTH2C,4.28,3.46,4.1,3.95,16.5,Yeu
SV0247,Ngo Kim Binh,23DTH2D,7.35,5.72,6.1,6.39,4.9,Kha
SV0248,Do Ngoc An,23DTH1A,8.59,8.77,8.49,8.62,19.2,Xuat sac
SV0249,Vo Thuy Thao,23DTH1B,8.75,8.87,7.99,8.54,12.8,Xuat sac
SV0250,Duong Minh Khang,23DTH1C,5.95,7.62,7.65,7.07,14.3,Gioi
SV0251,Duong Ngoc An,23DTH1D,6.86,7.36,6.32,6.85,17.8,Kha
SV0252,Do Anh Phuc,23DTH2A,6.36,6.89,5.99,6.41,8.0,Kha
SV0253,Nguyen Huu Phuc,23DTH2B,3.53,3.93,5.08,4.18,2.8,Trung binh
SV0254,Le Gia Thanh,23DTH2C,8.2,10,7.86,8.69,4.2,Xuat sac
SV0255,Huynh Bich Binh,23DTH2D,5.12,4.79,4.56,4.82,22.1,Trung binh
SV0256,Ngo Ngoc Trang,23DTH1A,4.18,4.27,3.32,3.92,10.2,Yeu
SV0257,Vu Lan Mai,23DTH1B,7.95,7.35,9.17,8.16,5.4,Gioi
SV0258,Duong Thanh Nga,23DTH1C,2.23,3.63,2.84,2.9,13.0,Yeu
SV0259,Vu Cong An,23DTH1D,4.85,4.51,4.73,4.7,5.9,Trung binh
SV0260,Hoang Thuy Uyen,23DTH2A,4.6,4.71,4.48,4.6,4.4,Trung binh
SV0261,Pham Ngoc Binh,23DTH2B,2.99,3.69,4.1,3.59,11.7,Yeu
SV0262,Ho Thanh Van,23DTH2C,8.73,9.0,8.91,8.88,3.9,Xuat sac
SV0263,Vu Hoang Giang,23DTH2D,5.82,7.31,6.0,6.38,26.4,Kha
SV0264,Huynh Hoang Long,23DTH1A,7.01,6.9,7.27,7.06,8.0,Gioi
SV0265,Huynh Gia Khoa,23DTH1B,4.59,4.76,5.96,5.1,13.1,Trung binh
SV0266,Dang Ngoc An,23DTH1C,6.41,6.96,8.23,7.2,19.3,Gioi
SV0267,Nguyen Thuy Lan,23DTH1D,4.17,6.34,5.45,5.32,13.9,Trung binh
SV0268,Do Minh Thanh,23DTH2A,7.05,6.72,8.53,7.43,3.7,Gioi
SV0269,Vo Huu Khang,23DTH2B,8.01,8.56,8.47,8.35,4.1,Gioi
SV0270,Phan Thanh Phuong,23DTH2C,6.38,6.72,4.87,5.99,7.8,Kha
SV0271,Ngo Minh Phuc,23DTH2D,5.35,6.93,5.28,5.85,16.3,Kha
SV0272,Vo Trung Dung,23DTH1A,6.73,5.81,4.66,5.73,9.3,Kha
SV0273,Vo Thanh Giang,23DTH1B,7.28,7.78,7.4,7.49,0,Gioi
SV0274,Vu Thu Yen,23DTH1C,3.53,3.39,4.77,3.9,0.1,Yeu
SV0275,Pham Quoc Long,23DTH1D,6.29,6.48,6.53,6.43,2.4,Kha
SV0276,Phan Thuy Chi,23DTH2A,8.94,8.02,8.51,8.49,13.9,Gioi
SV0277,Le Van Quan,23DTH2B,5.62,7.06,5.71,6.13,3.2,Kha
SV0278,Ngo Quoc Quan,23DTH2C,4.43,4.49,5.28,4.73,13.7,Trung binh
SV0279,Duong Trung Hai,23DTH2D,4.29,4.52,4.79,4.53,29.5,Trung binh
SV0280,Dang Huu Dat,23DTH1A,6.88,7.94,7.74,7.52,3.0,Gioi
SV0281,Nguyen Thi Oanh,23DTH1B,8.34,9.4,10,9.25,0,Xuat sac
SV0282,Huynh Anh Hai,23DTH1C,7.31,8.36,7.03,7.57,4.4,Gioi
SV0283,Ho Cong Viet,23DTH1D,7.64,7.46,7.8,7.63,7.2,Gioi
SV0284,Dang Cong Hai,23DTH2A,5.6,6.2,6.16,5.99,22.0,Kha
SV0285,Tran Huu Tuan,23DTH2B,5.64,6.93,6.78,6.45,5.8,Kha
SV0286,Hoang Ngoc Oanh,23DTH2C,6.53,5.65,5.57,5.92,18.6,Kha
SV0287,Ngo Hoang Tuan,23DTH2D,9.18,8.54,9.41,9.04,3.5,Xuat sac
SV0288,Vo Thanh An,23DTH1A,5.86,7.37,8.02,7.08,2.6,Gioi
SV0289,Hoang Ngoc Ha,23DTH1B,2.94,3.99,3.01,3.31,7.0,Yeu
SV0290,Phan Trung Khang,23DTH1C,8.7,8.12,8.43,8.42,12.3,Gioi
SV0291,Dang Trung Giang,23DTH1D,7.37,6.91,6.83,7.04,0,Gioi
SV0292,Duong Lan Oanh,23DTH2A,6.85,6.53,7.33,6.9,5.6,Kha
SV0293,Vo Huu Hai,23DTH2B,7.68,7.54,6.73,7.32,11.4,Gioi
SV0294,Vo Cong Khoa,23DTH2C,1.85,2.48,2.96,2.43,24.2,Yeu
SV0295,Vo Thi An,23DTH2D,7.22,6.56,6.75,6.84,24.3,Kha
SV0296,Bui Thi Ha,23DTH1A,5.74,5.06,6.72,5.84,20.6,Kha
SV0297,Tran Van Giang,23DTH1B,7.6,6.28,7.14,7.01,0,Gioi
SV0298,Vo Thi An,23DTH1C,8.84,8.0,8.56,8.47,13.6,Gioi
SV0299,Duong Hoang Cuong,23DTH1D,5.94,6.74,6.89,6.52,10.9,Kha
SV0300,Do Thi Thao,23DTH2A,7.78,6.69,8.2,7.56,7.5,Gioi
SV0301,Duong Duc Khoa,23DTH2B,5.91,5.2,4.82,5.31,6.4,Trung binh
SV0302,Bui Thu Nhi,23DTH2C,3.91,4.89,4.42,4.41,10.7,Trung binh
SV0303,Nguyen Lan Oanh,23DTH2D,8.17,7.77,6.14,7.36,22.5,Gioi
SV0304,Bui Lan Binh,23DTH1A,7.47,8.2,7.64,7.77,0.7,Gioi
SV0305,Nguyen Minh Phong,23DTH1B,1.62,2.35,0.52,1.5,29.2,Yeu
SV0306,Hoang Thanh Ha,23DTH1C,6.03,6.56,5.05,5.88,4.7,Kha
SV0307,Duong Lan Giang,23DTH1D,6.45,6.43,6.93,6.6,10.7,Kha
SV0308,Ngo Lan An,23DTH2A,6.59,5.84,4.99,5.81,16.4,Kha
SV0309,Nguyen Trung Phuc,23DTH2B,3.48,2.78,3.88,3.38,13.2,Yeu
SV0310,Hoang Anh Cuong,23DTH2C,3.9,4.25,4.03,4.06,2.5,Trung binh
SV0311,Dang Gia Thanh,23DTH2D,2.98,4.2,5.38,4.19,13.5,Trung binh
SV0312,Phan Hoang Son,23DTH1A,6.51,7.13,6.89,6.84,5.5,Kha
SV0313,Ho Minh Phuc,23DTH1B,4.15,4.99,4.57,4.57,0,Trung binh
SV0314,Vu Minh Viet,23DTH1C,6.03,5.16,5.13,5.44,0,Trung binh
SV0315,Vu Thu Linh,23DTH1D,7.42,9.23,7.92,8.19,0,Gioi
SV0316,Bui My Mai,23DTH2A,5.94,8.42,6.61,6.99,0,Kha
SV0317,Ho Quoc Hai,23DTH2B,7.53,7.04,8.54,7.7,15.2,Gioi
SV0318,Hoang Quoc Khoa,23DTH2C,6.88,8.6,7.54,7.67,14.0,Gioi
SV0319,Duong Thanh Nga,23DTH2D,6.54,7.96,6.7,7.07,12.7,Gioi
SV0320,Le Bich Nhi,23DTH1A,3.63,4.52,4.36,4.17,17.9,Trung binh
SV0321,Pham Thanh Giang,23DTH1B,5.47,6.92,5.94,6.11,0,Kha
SV0322,Bui Thuy Mai,23DTH1C,5.82,4.13,4.21,4.72,12.6,Trung binh
SV0323,Bui Van Nam,23DTH1D,4.73,6.04,5.49,5.42,11.6,Trung binh
SV0324,Ngo Thuy Linh,23DTH2A,7.01,8.49,7.13,7.54,14.5,Gioi
SV0325,Hoang Quoc Nam,23DTH2B,6.89,7.46,7.42,7.26,20.6,Gioi
SV0326,Bui Bich Uyen,23DTH2C,9.04,8.07,8.0,8.37,7.5,Gioi
SV0327,Dang Minh Cuong,23DTH2D,5.41,5.63,6.02,5.69,20.6,Kha
SV0328,Ho Lan Uyen,23DTH1A,5.65,5.93,5.61,5.73,20.4,Kha
SV0329,Dang Duc Phong,23DTH1B,6.33,6.01,5.25,5.86,8.6,Kha
SV0330,Ho Gia Long,23DTH1C,5.6,4.75,4.33,4.89,12.9,Trung binh
SV0331,Huynh Bich Van,23DTH1D,6.44,6.22,6.56,6.41,13.0,Kha
SV0332,Vu Trung Dung,23DTH2A,5.83,7.36,5.85,6.35,9.2,Kha
SV0333,Vu Thanh Hoa,23DTH2B,3.32,4.11,4.32,3.92,6.7,Yeu
SV0334,Duong Bich Nhi,23DTH2C,8.36,7.8,7.04,7.73,0,Gioi
SV0335,Ho Hoang Khoa,23DTH2D,5.29,6.38,7.02,6.23,23.2,Kha
SV0336,Ngo Ngoc Duyen,23DTH1A,6.74,6.02,7.34,6.7,12.5,Kha
SV0337,Do Thu Chi,23DTH1B,5.98,4.11,5.72,5.27,14.9,Trung binh
SV0338,Vu Thuy Hoa,23DTH1C,7.45,8.0,7.46,7.64,10.3,Gioi
SV0339,Vu Huu Nam,23DTH1D,7.12,5.77,4.41,5.77,13.1,Kha
SV0340,Vo Trung Thanh,23DTH2A,9.19,9.89,7.65,8.91,12.8,Xuat sac
SV0341,Duong Thu Lan,23DTH2B,7.82,6.95,7.29,7.35,19.5,Gioi
SV0342,Vo Thuy Lan,23DTH2C,7.55,7.17,8.9,7.87,13.2,Gioi
SV0343,Tran My Nhi,23DTH2D,6.19,5.73,6.39,6.1,6.6,Kha
SV0344,Duong Trung Dung,23DTH1A,8.2,9.03,8.95,8.73,11.3,Xuat sac
SV0345,Duong Minh Viet,23DTH1B,5.98,6.28,6.56,6.27,12.4,Kha
SV0346,Vu Ngoc Uyen,23DTH1C,7.22,7.7,6.99,7.3,20.9,Gioi
SV0347,Ho Gia Hung,23DTH1D,7.71,7.64,8.72,8.02,10.4,Gioi
SV0348,Tran Thu Mai,23DTH2A,4.61,6.94,6.41,5.99,4.0,Kha
SV0349,Le Lan Thao,23DTH2B,4.02,4.21,4.57,4.27,7.7,Trung binh
SV0350,Dang Hoang Phong,23DTH2C,7.32,8.35,6.58,7.42,22.9,Gioi
SV0351,Tran Gia Khoa,23DTH2D,6.15,7.43,7.04,6.87,17.4,Kha
SV0352,Pham My Linh,23DTH1A,7.26,5.75,7.8,6.94,1.4,Kha
SV0353,Nguyen My Nhi,23DTH1B,7.3,7.12,7.3,7.24,16.0,Gioi
SV0354,Ho Thanh Oanh,23DTH1C,6.98,6.82,5.84,6.55,8.9,Kha
SV0355,Hoang Huu Phong,23DTH1D,6.97,7.85,7.16,7.33,11.2,Gioi
SV0356,Dang Thu Mai,23DTH2A,8.91,9.15,9.0,9.02,6.5,Xuat sac
SV0357,Duong Duc Dung,23DTH2B,4.86,6.05,4.61,5.17,12.7,Trung binh
SV0358,Vu Thuy Trang,23DTH2C,7.97,9.93,9.61,9.17,3.5,Xuat sac
SV0359,Hoang Huu Nam,23DTH2D,8.56,8.19,9.21,8.65,4.1,Xuat sac
SV0360,Do Hoang Quan,23DTH1A,6.33,5.9,6.48,6.24,7.8,Kha
SV0361,Huynh Cong Viet,23DTH1B,4.34,4.92,4.44,4.57,6.8,Trung binh
SV0362,Phan Ngoc Nga,23DTH1C,5.27,6.35,5.89,5.84,10.7,Kha
SV0363,Le Ngoc Binh,23DTH1D,4.84,4.53,5.19,4.85,14.9,Trung binh
SV0364,Phan Thi Giang,23DTH2A,6.57,7.45,6.99,7.0,8.3,Gioi
SV0365,Ho Huu Cuong,23DTH2B,4.66,4.36,3.49,4.17,22.6,Trung binh
SV0366,Dang Cong Quan,23DTH2C,6.3,5.79,6.23,6.11,7.7,Kha
SV0367,Tran Lan Van,23DTH2D,7.14,6.34,6.79,6.76,5.4,Kha
SV0368,Ho Thu Hoa,23DTH1A,5.73,6.59,6.15,6.16,3.3,Kha
SV0369,Hoang My Van,23DTH1B,7.69,6.99,7.11,7.26,5.9,Gioi
SV0370,Phan Hoang Nam,23DTH1C,6.57,7.47,7.73,7.26,20.8,Gioi
SV0371,Tran Trung Son,23DTH1D,5.61,6.2,6.14,5.98,7.0,Kha
SV0372,Do Minh Son,23DTH2A,8.35,9.47,8.19,8.67,6.8,Xuat sac
SV0373,Nguyen Cong Viet,23DTH2B,9.48,8.54,7.89,8.64,1.2,Xuat sac
SV0374,Bui Lan Oanh,23DTH2C,9.11,8.26,8.04,8.47,6.7,Gioi
SV0375,Dang My Oanh,23DTH2D,8.54,9.31,6.97,8.27,15.0,Gioi
SV0376,Ho Trung Dung,23DTH1A,7.31,8.54,8.24,8.03,7.1,Gioi
SV0377,Tran Anh Quan,23DTH1B,7.16,6.32,7.29,6.92,0,Kha
SV0378,Ngo Cong Long,23DTH1C,2.94,4.19,3.72,3.62,15.4,Yeu
SV0379,Pham Lan Hoa,23DTH1D,5.93,5.91,5.14,5.66,8.6,Kha
SV0380,Duong Trung Long,23DTH2A,9.28,8.39,9.34,9.0,2.6,Xuat sac
SV0381,Bui Cong Hai,23DTH2B,7.42,7.52,8.27,7.74,1.5,Gioi
SV0382,Bui Gia Giang,23DTH2C,4.79,5.19,3.45,4.48,21.3,Trung binh
SV0383,Dang Duc Long,23DTH2D,6.54,4.62,5.68,5.61,16.7,Kha
SV0384,Le Quoc Phuc,23DTH1A,6.01,6.2,6.31,6.17,8.9,Kha
SV0385,Phan Lan Phuong,23DTH1B,5.38,6.74,5.94,6.02,2.2,Kha
SV0386,Le Huong Lan,23DTH1C,9.14,8.7,9.5,9.11,7.2,Xuat sac
SV0387,Hoang Quoc Viet,23DTH1D,7.45,6.36,6.25,6.69,7.1,Kha
SV0388,Huynh Lan Thao,23DTH2A,7.79,7.77,6.2,7.25,0,Gioi
SV0389,Pham Minh Viet,23DTH2B,6.27,6.97,5.83,6.36,0,Kha
SV0390,Do Duc Minh,23DTH2C,5.44,5.9,6.3,5.88,7.1,Kha
SV0391,Tran Trung Binh,23DTH2D,6.99,6.61,6.47,6.69,16.3,Kha
SV0392,Bui Trung Long,23DTH1A,5.77,6.44,5.61,5.94,10.7,Kha
SV0393,Ho Thuy An,23DTH1B,6.28,6.16,7.43,6.62,0,Kha
SV0394,Vo Huong Hoa,23DTH1C,6.81,6.2,5.64,6.22,8.0,Kha
SV0395,Le Quoc Quan,23DTH1D,7.31,6.36,7.01,6.89,0.1,Kha
SV0396,Duong Hoang Thanh,23DTH2A,8.49,8.82,9.19,8.83,4.5,Xuat sac
SV0397,Le Thuy Hoa,23DTH2B,6.61,6.6,7.1,6.77,4.2,Kha
SV0398,Pham Cong Binh,23DTH2C,6.73,6.6,7.26,6.86,12.3,Kha
SV0399,Ho My Trang,23DTH2D,6.74,8.19,8.42,7.78,12.9,Gioi
SV0400,Ho Huong Oanh,23DTH1A,7.58,7.91,6.16,7.22,8.1,Gioi
SV0401,Huynh Gia Long,23DTH1B,5.75,5.8,6.96,6.17,3.2,Kha
SV0402,Le Huu Quan,23DTH1C,7.59,6.15,6.66,6.8,0,Kha
SV0403,Vo Thi Giang,23DTH1D,4.34,3.43,4.63,4.13,11.8,Trung binh
SV0404,Ngo Thanh Uyen,23DTH2A,6.09,7.22,8.19,7.17,19.1,Gioi
SV0405,Huynh Thu Phuong,23DTH2B,9.47,9.35,8.5,9.11,6.5,Xuat sac
SV0406,Do Ngoc Uyen,23DTH2C,7.61,8.24,8.31,8.05,2.2,Gioi
SV0407,Bui Thi Duyen,23DTH2D,7.02,6.83,7.6,7.15,3.3,Gioi
SV0408,Hoang Gia Khang,23DTH1A,9.17,9.67,8.94,9.26,17.1,Xuat sac
SV0409,Ngo Huong Nga,23DTH1B,8.51,8.1,8.44,8.35,0,Gioi
SV0410,Phan Lan Thao,23DTH1C,4.24,4.96,4.37,4.52,27.0,Trung binh
SV0411,Huynh Bich Chi,23DTH1D,1.86,2.96,3.51,2.78,16.9,Yeu
SV0412,Huynh Thi An,23DTH2A,7.5,7.13,6.16,6.93,18.3,Kha
SV0413,Phan Cong Dat,23DTH2B,6.68,5.64,6.45,6.26,12.3,Kha
SV0414,Do My Duyen,23DTH2C,4.77,4.68,4.42,4.62,14.1,Trung binh
SV0415,Dang Thu Giang,23DTH2D,5.59,6.8,7.06,6.48,8.6,Kha
SV0416,Ngo Minh Viet,23DTH1A,8.09,7.81,6.85,7.58,12.3,Gioi
SV0417,Vo Quoc Binh,23DTH1B,7.48,6.49,6.26,6.74,0,Kha
SV0418,Vu Cong Binh,23DTH1C,6.03,7.06,6.78,6.62,12.3,Kha
SV0419,Phan Hoang Cuong,23DTH1D,2.6,3.14,3.85,3.2,15.5,Yeu
SV0420,Dang Thi Yen,23DTH2A,6.16,7.84,7.37,7.12,21.0,Gioi
SV0421,Vo Thuy Thao,23DTH2B,6.84,6.69,6.16,6.56,9.1,Kha
SV0422,Ngo Kim Trang,23DTH2C,6.35,5.79,5.7,5.95,17.2,Kha
SV0423,Duong Lan Van,23DTH2D,7.33,7.57,7.24,7.38,18.1,Gioi
SV0424,Phan Quoc Thanh,23DTH1A,4.56,4.2,5.29,4.68,9.1,Trung binh
SV0425,Le Quoc Thanh,23DTH1B,5.52,5.54,6.46,5.84,14.6,Kha
SV0426,Nguyen Van Thanh,23DTH1C,8.0,7.76,6.3,7.35,30.0,Gioi
SV0427,Bui My Nhi,23DTH1D,5.69,5.65,5.27,5.54,19.8,Kha
SV0428,Dang Thuy An,23DTH2A,7.34,7.63,6.77,7.25,0.5,Gioi
SV0429,Nguyen Anh Quan,23DTH2B,7.14,7.99,6.96,7.36,16.1,Gioi
SV0430,Dang Lan Chi,23DTH2C,6.21,5.91,6.24,6.12,12.4,Kha
SV0431,Le Cong An,23DTH2D,5.34,7.29,7.5,6.71,13.4,Kha
SV0432,Le Anh Binh,23DTH1A,4.68,4.8,4.63,4.7,15.5,Trung binh
SV0433,Pham Ngoc Mai,23DTH1B,6.22,7.32,6.41,6.65,11.1,Kha
SV0434,Phan My Phuong,23DTH1C,8.22,7.17,6.02,7.14,9.2,Gioi
SV0435,Vu Huong Hoa,23DTH1D,3.61,4.77,3.46,3.95,3.3,Yeu
SV0436,Bui Hoang Son,23DTH2A,7.18,7.34,6.43,6.98,5.0,Kha
SV0437,Dang Duc Dung,23DTH2B,5.57,6.4,7.54,6.5,20.5,Kha
SV0438,Dang Lan Oanh,23DTH2C,5.73,6.15,6.52,6.13,3.7,Kha
SV0439,Ngo Trung Hai,23DTH2D,5.34,6.43,6.72,6.16,14.2,Kha
SV0440,Pham Van Hung,23DTH1A,7.27,6.72,6.49,6.83,5.2,Kha
SV0441,Vu Trung Long,23DTH1B,5.42,4.19,4.2,4.6,0,Trung binh
SV0442,Hoang Thanh Trang,23DTH1C,6.03,6.87,6.65,6.52,8.3,Kha
SV0443,Vo Duc Phong,23DTH1D,7.38,7.39,7.91,7.56,17.3,Gioi
SV0444,Ngo Thanh Ha,23DTH2A,6.26,5.86,6.21,6.11,24.5,Kha
SV0445,Ho Thu Oanh,23DTH2B,5.92,6.8,6.26,6.33,6.9,Kha
SV0446,Pham Quoc Binh,23DTH2C,8.28,9.4,8.47,8.72,18.6,Xuat sac
SV0447,Duong Thanh Quyen,23DTH2D,4.36,4.85,3.68,4.3,0,Trung binh
SV0448,Huynh Van Dat,23DTH1A,6.32,6.61,6.93,6.62,18.4,Kha
SV0449,Ngo Cong Dat,23DTH1B,9.57,8.7,8.31,8.86,9.5,Xuat sac
SV0450,Nguyen Ngoc An,23DTH1C,6.42,6.66,6.34,6.47,0,Kha
SV0451,Tran Thi Thao,23DTH1D,4.34,4.21,4.11,4.22,15.1,Trung binh
SV0452,Nguyen Kim Oanh,23DTH2A,5.62,5.24,6.5,5.79,13.8,Kha
SV0453,Ho Trung Viet,23DTH2B,4.12,4.34,3.25,3.9,3.3,Yeu
SV0454,Ngo Kim Yen,23DTH2C,5.72,5.76,5.17,5.55,8.7,Kha
SV0455,Nguyen Anh Long,23DTH2D,3.53,3.63,3.87,3.68,21.4,Yeu
SV0456,Huynh Gia Long,23DTH1A,6.31,7.14,6.29,6.58,16.8,Kha
SV0457,Huynh Thuy Linh,23DTH1B,5.22,4.22,4.65,4.7,16.2,Trung binh
SV0458,Tran Cong Quan,23DTH1C,6.31,5.52,6.35,6.06,22.0,Kha
SV0459,Phan Lan Nga,23DTH1D,8.57,8.01,7.9,8.16,9.8,Gioi
SV0460,Tran Ngoc Thao,23DTH2A,6.73,6.42,6.46,6.54,0,Kha
SV0461,Ngo My Duyen,23DTH2B,4.08,2.9,2.28,3.09,30.1,Yeu
SV0462,Le Bich Van,23DTH2C,7.83,7.14,7.96,7.64,0,Gioi
SV0463,Duong Thi Yen,23DTH2D,6.86,8.7,9.41,8.32,16.7,Gioi
SV0464,Bui Thanh Nhi,23DTH1A,6.4,6.34,6.22,6.32,0,Kha
SV0465,Hoang Trung Long,23DTH1B,4.91,4.66,5.4,4.99,9.1,Trung binh
SV0466,Ho Huu Tuan,23DTH1C,5.22,3.91,4.86,4.66,19.4,Trung binh
SV0467,Do Anh Phuc,23DTH1D,4.16,4.52,4.22,4.3,13.6,Trung binh
SV0468,Vo Anh Hung,23DTH2A,9.96,9.94,9.52,9.81,0,Xuat sac
SV0469,Huynh Huong Binh,23DTH2B,6.84,6.62,6.61,6.69,4.8,Kha
SV0470,Hoang Van Hai,23DTH2C,3.26,3.3,3.83,3.46,14.8,Yeu
SV0471,Pham Gia Khang,23DTH2D,5.79,4.84,5.48,5.37,0,Trung binh
SV0472,Phan Huong Nhi,23DTH1A,8.33,7.29,8.1,7.91,18.8,Gioi
SV0473,Pham Duc Viet,23DTH1B,7.94,7.24,9.12,8.1,1.9,Gioi
SV0474,Hoang Hoang Binh,23DTH1C,5.0,5.98,6.25,5.74,7.7,Kha
SV0475,Pham Duc Long,23DTH1D,5.68,6.27,5.53,5.83,10.7,Kha
SV0476,Ngo Duc Dung,23DTH2A,6.84,8.03,7.7,7.52,0,Gioi
SV0477,Le Lan Hoa,23DTH2B,4.64,3.59,5.24,4.49,17.6,Trung binh
SV0478,Nguyen Quoc Giang,23DTH2C,7.94,8.4,7.85,8.06,8.6,Gioi
SV0479,Hoang Hoang Khoa,23DTH2D,7.86,8.54,7.88,8.09,10.0,Gioi
SV0480,Nguyen My An,23DTH1A,8.65,9.04,7.99,8.56,12.8,Xuat sac
SV0481,Tran Thanh Trang,23DTH1B,4.25,4.86,4.03,4.38,10.4,Trung binh
SV0482,Bui Hoang Viet,23DTH1C,6.92,8.5,6.2,7.21,6.2,Gioi
SV0483,Tran Thi Quyen,23DTH1D,5.44,6.04,6.43,5.97,7.0,Kha
SV0484,Phan Thi Ha,23DTH2A,5.57,6.99,5.36,5.97,10.2,Kha
SV0485,Do Gia Son,23DTH2B,8.01,8.53,7.74,8.09,0,Gioi
SV0486,Nguyen Trung Thanh,23DTH2C,5.69,5.11,5.25,5.35,9.9,Trung binh
SV0487,Ngo Thuy Mai,23DTH2D,3.48,3.87,4.1,3.82,16.3,Yeu
SV0488,Tran Anh Phong,23DTH1A,7.68,6.13,7.18,7.0,9.6,Gioi
SV0489,Vu Thuy Van,23DTH1B,6.06,6.29,5.24,5.86,5.7,Kha
SV0490,Pham Huong Hoa,23DTH1C,8.87,9.26,9.05,9.06,5.1,Xuat sac
SV0491,Nguyen Thanh Uyen,23DTH1D,7.78,7.32,9.36,8.15,0,Gioi
SV0492,Vo Cong Son,23DTH2A,5.85,6.36,7.32,6.51,10.4,Kha
SV0493,Phan Quoc Viet,23DTH2B,7.0,7.2,5.71,6.64,8.7,Kha
SV0494,Hoang Thu Giang,23DTH2C,4.48,5.18,4.95,4.87,9.3,Trung binh
SV0495,Vo Huu Quan,23DTH2D,7.84,8.67,7.77,8.09,22.4,Gioi
SV0496,Phan Van Tuan,23DTH1A,8.24,8.21,8.51,8.32,20.1,Gioi
SV0497,Le Kim Giang,23DTH1B,4.86,4.68,5.3,4.95,14.7,Trung binh
SV0498,Phan Gia Minh,23DTH1C,7.41,5.66,7.5,6.86,9.2,Kha
SV0499,Ngo Thu Trang,23DTH1D,7.9,8.6,7.68,8.06,0.5,Gioi
SV0500,Vo Thuy Quyen,23DTH2A,5.84,6.0,5.14,5.66,11.7,Kha
SV0501,Hoang Thuy Chi,23DTH2B,4.71,5.01,4.75,4.82,11.8,Trung binh
SV0502,Hoang Kim Linh,23DTH2C,7.66,8.81,7.51,7.99,4.8,Gioi
SV0503,Vu Trung Phuc,23DTH2D,8.45,7.68,8.14,8.09,22.1,Gioi
SV0504,Nguyen Gia Khoa,23DTH1A,5.98,5.87,5.34,5.73,12.6,Kha
SV0505,Vu Thi Duyen,23DTH1B,6.15,5.55,6.37,6.02,17.5,Kha
SV0506,Bui Anh Long,23DTH1C,6.9,7.14,6.06,6.7,14.0,Kha
SV0507,Dang Thanh Nga,23DTH1D,5.96,5.44,5.63,5.68,17.4,Kha
SV0508,Pham Duc Cuong,23DTH2A,8.38,8.72,9.07,8.72,14.2,Xuat sac
SV0509,Duong Duc Binh,23DTH2B,8.55,9.75,9.07,9.12,0,Xuat sac
SV0510,Nguyen Quoc Cuong,23DTH2C,4.68,4.0,4.7,4.46,17.2,Trung binh
SV0511,Ngo Hoang Dat,23DTH2D,5.38,5.46,5.19,5.34,19.9,Trung binh
SV0512,Nguyen My Nhi,23DTH1A,6.26,6.51,5.57,6.11,14.3,Kha
SV0513,Duong Huu Phong,23DTH1B,8.75,8.49,9.17,8.8,1.0,Xuat sac
SV0514,Phan Van Khang,23DTH1C,5.01,3.44,4.03,4.16,16.2,Trung binh
SV0515,Huynh Duc Phong,23DTH1D,8.51,8.44,9.36,8.77,15.2,Xuat sac
SV0516,Ngo Quoc Cuong,23DTH2A,4.7,4.9,4.29,4.63,9.5,Trung binh
SV0517,Hoang Minh Tuan,23DTH2B,9.83,8.33,8.97,9.04,0,Xuat sac
SV0518,Vu Anh Phong,23DTH2C,6.22,6.1,6.9,6.41,12.4,Kha
SV0519,Duong My Nhi,23DTH2D,5.77,5.56,5.58,5.64,18.9,Kha
SV0520,Ngo Duc Son,23DTH1A,7.15,6.93,7.76,7.28,19.1,Gioi
SV0521,Hoang Gia Viet,23DTH1B,6.27,5.62,6.36,6.08,10.7,Kha
SV0522,Phan Bich Duyen,23DTH1C,8.47,8.51,10,8.99,21.0,Xuat sac
SV0523,Do Duc Long,23DTH1D,7.07,6.8,6.98,6.95,12.0,Kha
SV0524,Do Hoang Tuan,23DTH2A,5.99,5.56,6.38,5.98,7.3,Kha
SV0525,Phan Thi Trang,23DTH2B,8.02,8.13,8.11,8.09,0,Gioi
SV0526,Ngo Thuy Thao,23DTH2C,7.21,7.17,6.4,6.93,22.5,Kha
SV0527,Do Thu Mai,23DTH2D,4.87,6.35,5.3,5.51,21.9,Kha
SV0528,Nguyen Huong Yen,23DTH1A,8.33,6.93,8.23,7.83,12.2,Gioi
SV0529,Le Van An,23DTH1B,7.51,6.57,7.03,7.04,5.3,Gioi
SV0530,Bui Duc Thanh,23DTH1C,8.22,8.96,9.5,8.89,15.9,Xuat sac
SV0531,Ngo Van Cuong,23DTH1D,6.62,6.37,6.04,6.34,12.1,Kha
SV0532,Phan Trung Quan,23DTH2A,6.88,6.71,5.71,6.43,9.8,Kha
SV0533,Hoang Gia Dat,23DTH2B,5.9,5.81,6.46,6.06,10.1,Kha
SV0534,Dang Bich Quyen,23DTH2C,2.15,1.66,2.98,2.26,17.1,Yeu
SV0535,Ngo Thi Trang,23DTH2D,8.67,7.78,8.12,8.19,8.9,Gioi
SV0536,Le Quoc Cuong,23DTH1A,5.92,6.47,6.5,6.3,6.5,Kha
SV0537,Vo Quoc Phuc,23DTH1B,5.94,5.81,5.46,5.74,16.8,Kha
SV0538,Ngo Thanh Lan,23DTH1C,4.88,6.37,5.32,5.52,0,Kha
SV0539,Vo Huu Thanh,23DTH1D,9.81,8.79,9.35,9.32,1.7,Xuat sac
SV0540,Huynh Kim Ha,23DTH2A,7.47,7.12,6.88,7.16,10.9,Gioi
SV0541,Nguyen Duc Minh,23DTH2B,9.7,8.75,8.39,8.95,10.9,Xuat sac
SV0542,Hoang Lan Giang,23DTH2C,7.51,7.28,7.8,7.53,8.4,Gioi
SV0543,Pham Gia Quan,23DTH2D,8.7,8.99,7.35,8.35,0,Gioi
SV0544,Hoang Gia Viet,23DTH1A,5.1,4.09,4.67,4.62,7.2,Trung binh
SV0545,Hoang Gia Cuong,23DTH1B,6.89,6.99,7.79,7.22,10.1,Gioi
SV0546,Dang Thu Mai,23DTH1C,8.34,8.17,7.93,8.15,9.5,Gioi
SV0547,Ho Lan An,23DTH1D,5.09,5.07,6.33,5.5,3.8,Kha
SV0548,Ngo My Chi,23DTH2A,3.88,3.51,5.26,4.22,1.7,Trung binh
SV0549,Ngo Thuy Yen,23DTH2B,5.79,5.4,5.55,5.58,13.1,Kha
SV0550,Ho Ngoc Lan,23DTH2C,7.7,6.99,7.13,7.27,8.8,Gioi
SV0551,Bui Huong Nhi,23DTH2D,6.6,7.01,7.7,7.1,19.4,Gioi
SV0552,Tran Thanh An,23DTH1A,8.08,8.87,8.32,8.42,21.1,Gioi
SV0553,Bui Thu Van,23DTH1B,7.19,6.69,5.86,6.58,0,Kha
SV0554,Duong Huu Hai,23DTH1C,7.05,8.07,6.15,7.09,10.0,Gioi
SV0555,Huynh Lan Duyen,23DTH1D,9.3,8.12,9.22,8.88,11.5,Xuat sac
SV0556,Vo Thu Ha,23DTH2A,6.71,8.39,8.35,7.82,6.7,Gioi
SV0557,Huynh Lan Trang,23DTH2B,6.46,6.59,6.45,6.5,16.8,Kha
SV0558,Huynh Thuy Duyen,23DTH2C,5.23,4.14,4.36,4.58,17.1,Trung binh
SV0559,Le Thu An,23DTH2D,8.0,6.85,5.87,6.91,14.0,Kha
SV0560,Tran Quoc Khoa,23DTH1A,4.44,5.2,3.23,4.29,23.1,Trung binh
SV0561,Nguyen Kim Nhi,23DTH1B,6.76,4.87,5.13,5.59,11.9,Kha
SV0562,Pham Trung Long,23DTH1C,8.35,7.64,8.08,8.02,0,Gioi
SV0563,Le Thi Yen,23DTH1D,9.43,9.19,8.96,9.19,6.5,Xuat sac
SV0564,Tran Thu An,23DTH2A,7.72,6.8,6.97,7.16,17.4,Gioi
SV0565,Vu Quoc Nam,23DTH2B,7.07,5.8,6.49,6.45,7.9,Kha
SV0566,Pham Huu Giang,23DTH2C,7.07,6.96,7.11,7.05,8.3,Gioi
SV0567,Vo Bich Thao,23DTH2D,5.46,3.15,5.37,4.66,19.5,Trung binh
SV0568,Do My Yen,23DTH1A,8.28,6.7,7.18,7.39,17.3,Gioi
SV0569,Le Bich Nga,23DTH1B,7.0,7.62,7.01,7.21,4.9,Gioi
SV0570,Nguyen Anh Cuong,23DTH1C,5.81,6.79,6.76,6.45,13.8,Kha
SV0571,Vo Thi Binh,23DTH1D,7.86,6.56,6.93,7.12,19.7,Gioi
SV0572,Nguyen Gia Quan,23DTH2A,3.91,4.1,4.89,4.3,17.4,Trung binh
SV0573,Bui Ngoc Uyen,23DTH2B,6.21,7.14,7.0,6.78,12.2,Kha
SV0574,Ho Lan Duyen,23DTH2C,5.98,5.63,7.06,6.22,10.6,Kha
SV0575,Duong Lan Nhi,23DTH2D,6.95,7.16,7.62,7.24,11.3,Gioi
SV0576,Tran Minh Quan,23DTH1A,7.28,6.39,6.85,6.84,12.3,Kha
SV0577,Nguyen Huu Cuong,23DTH1B,7.67,9.05,9.24,8.65,7.5,Xuat sac
SV0578,Hoang Thi Yen,23DTH1C,4.08,5.53,4.38,4.66,21.8,Trung binh
SV0579,Bui Ngoc Chi,23DTH1D,8.99,9.77,9.98,9.58,1.9,Xuat sac
SV0580,Vu Lan Lan,23DTH2A,4.48,4.82,4.81,4.7,9.9,Trung binh
SV0581,Ho Bich Thao,23DTH2B,5.37,5.31,3.8,4.83,0.4,Trung binh
SV0582,Bui Bich Mai,23DTH2C,7.4,8.19,7.29,7.63,9.1,Gioi
SV0583,Tran Anh Quan,23DTH2D,5.6,7.07,7.21,6.63,19.7,Kha
SV0584,Hoang Minh Minh,23DTH1A,5.3,3.59,3.21,4.03,17.6,Trung binh
SV0585,Vo Minh Hai,23DTH1B,8.71,8.34,7.47,8.17,17.6,Gioi
SV0586,Pham Huong Uyen,23DTH1C,5.05,4.2,3.86,4.37,8.8,Trung binh
SV0587,Nguyen Minh Son,23DTH1D,4.23,5.18,4.36,4.59,4.5,Trung binh
SV0588,Ho Cong Khang,23DTH2A,7.9,7.44,7.41,7.58,0.6,Gioi
SV0589,Duong Cong Hung,23DTH2B,6.97,5.85,6.33,6.38,15.0,Kha
SV0590,Hoang Lan Trang,23DTH2C,7.15,5.6,5.95,6.23,17.4,Kha
SV0591,Tran Minh Thanh,23DTH2D,9.0,8.91,8.75,8.89,13.0,Xuat sac
SV0592,Tran Minh Khang,23DTH1A,2.63,3.45,3.92,3.33,0,Yeu
SV0593,Nguyen Gia Hung,23DTH1B,8.48,7.74,8.05,8.09,14.6,Gioi
SV0594,Ho Huong Uyen,23DTH1C,5.25,5.39,6.4,5.68,21.7,Kha
SV0595,Duong Trung Minh,23DTH1D,7.91,7.6,7.66,7.72,6.9,Gioi
SV0596,Vu Minh Phong,23DTH2A,6.76,5.88,6.81,6.48,15.3,Kha
SV0597,Phan Kim Phuong,23DTH2B,8.04,6.59,7.86,7.5,13.0,Gioi
SV0598,Le Thuy Oanh,23DTH2C,7.43,8.9,8.89,8.41,16.9,Gioi
SV0599,Pham Hoang Cuong,23DTH2D,4.6,5.59,4.38,4.86,14.0,Trung binh
SV0600,Pham Kim Quyen,23DTH1A,8.7,8.04,8.64,8.46,16.4,Gioi
SV0601,Vo Thuy Van,23DTH1B,6.17,5.41,6.04,5.87,9.3,Kha
SV0602,Phan Cong Phong,23DTH1C,9.2,8.86,8.17,8.74,0,Xuat sac
SV0603,Pham Thu Hoa,23DTH1D,5.51,6.29,5.23,5.68,9.7,Kha
SV0604,Vo Cong Viet,23DTH2A,7.18,7.75,6.95,7.29,17.7,Gioi
SV0605,Vu Thu Nhi,23DTH2B,6.72,6.57,7.69,6.99,0,Kha
SV0606,Huynh Van Khoa,23DTH2C,5.62,5.05,5.79,5.49,7.8,Trung binh
SV0607,Le Ngoc Nga,23DTH2D,8.52,8.25,9.24,8.67,13.9,Xuat sac
SV0608,Bui Huu Hung,23DTH1A,5.6,6.65,7.84,6.7,4.6,Kha
SV0609,Le Cong Nam,23DTH1B,4.96,5.15,6.38,5.5,17.2,Kha
SV0610,Dang Gia Son,23DTH1C,4.4,5.76,4.49,4.88,22.7,Trung binh
SV0611,Ho Thuy Nga,23DTH1D,5.14,5.35,6.36,5.62,19.4,Kha
SV0612,Huynh Kim Duyen,23DTH2A,3.53,4.85,4.43,4.27,12.7,Trung binh
SV0613,Vo Lan Ha,23DTH2B,7.41,7.21,7.92,7.51,15.2,Gioi
SV0614,Hoang Minh Viet,23DTH2C,8.07,7.73,8.42,8.07,3.5,Gioi
SV0615,Duong Thuy Quyen,23DTH2D,4.17,4.18,4.45,4.27,11.1,Trung binh
SV0616,Phan Gia Hung,23DTH1A,3.09,3.64,3.42,3.38,0,Yeu
SV0617,Hoang Thi Nga,23DTH1B,6.82,7.09,6.53,6.81,8.0,Kha
SV0618,Dang My Binh,23DTH1C,8.6,8.23,7.41,8.08,0,Gioi
SV0619,Dang Gia Tuan,23DTH1D,5.91,5.33,5.93,5.72,26.2,Kha
SV0620,Dang Huong Ha,23DTH2A,9.28,8.81,8.94,9.01,8.8,Xuat sac
SV0621,Dang Lan Uyen,23DTH2B,6.86,6.91,6.37,6.71,9.0,Kha
SV0622,Huynh Thanh Quyen,23DTH2C,4.72,4.47,4.65,4.61,16.0,Trung binh
SV0623,Vu Thi Yen,23DTH2D,4.03,3.24,3.69,3.65,0.1,Yeu
SV0624,Huynh Trung Nam,23DTH1A,3.98,4.0,5.32,4.43,13.8,Trung binh
SV0625,Nguyen Kim Quyen,23DTH1B,6.62,6.96,6.57,6.72,0,Kha
SV0626,Duong Hoang Hung,23DTH1C,4.71,5.51,5.42,5.21,24.8,Trung binh
SV0627,Ho Kim Chi,23DTH1D,7.01,8.21,8.28,7.83,9.5,Gioi
SV0628,Hoang Trung Nam,23DTH2A,7.22,7.14,7.98,7.45,16.2,Gioi
SV0629,Bui Quoc Cuong,23DTH2B,8.3,7.7,7.29,7.76,0,Gioi
SV0630,Vo Thanh Mai,23DTH2C,7.32,8.51,8.09,7.97,7.5,Gioi
SV0631,Nguyen Quoc Thanh,23DTH2D,6.49,5.74,6.69,6.31,3.8,Kha
SV0632,Tran Cong Son,23DTH1A,5.21,5.94,6.17,5.77,5.1,Kha
SV0633,Tran Thu Quyen,23DTH1B,6.79,6.26,7.56,6.87,19.3,Kha
SV0634,Ngo Ngoc Duyen,23DTH1C,7.31,7.61,7.91,7.61,0.5,Gioi
SV0635,Vu Gia Quan,23DTH1D,3.85,3.18,2.63,3.22,30.4,Yeu
SV0636,Huynh Thi Nhi,23DTH2A,6.97,7.31,6.45,6.91,0,Kha
SV0637,Dang Kim Hoa,23DTH2B,8.44,9.66,9.86,9.32,2.3,Xuat sac
SV0638,Phan Cong Tuan,23DTH2C,6.3,6.16,6.73,6.4,0,Kha
SV0639,Vu Ngoc Chi,23DTH2D,7.59,8.4,7.94,7.98,7.4,Gioi
SV0640,Nguyen My Oanh,23DTH1A,7.15,7.18,7.33,7.22,13.8,Gioi
SV0641,Vo Thuy Hoa,23DTH1B,6.35,4.28,5.08,5.24,13.7,Trung binh
SV0642,Vo Thu Duyen,23DTH1C,7.62,7.45,8.03,7.7,3.9,Gioi
SV0643,Nguyen Thi Giang,23DTH1D,8.84,7.87,8.3,8.34,0,Gioi
SV0644,Duong Ngoc Chi,23DTH2A,6.63,6.17,6.42,6.41,11.9,Kha
SV0645,Le Cong Khoa,23DTH2B,5.89,5.86,7.24,6.33,5.7,Kha
SV0646,Le Lan Yen,23DTH2C,6.58,6.55,6.67,6.6,2.2,Kha
SV0647,Tran Duc Hai,23DTH2D,5.52,5.93,6.69,6.05,9.6,Kha
SV0648,Do Duc Long,23DTH1A,8.23,7.31,8.12,7.89,5.8,Gioi
SV0649,Ngo Thi Lan,23DTH1B,9.0,8.53,9.69,9.07,13.9,Xuat sac
SV0650,Bui Minh Thanh,23DTH1C,4.37,5.06,5.11,4.85,0,Trung binh
SV0651,Vu Gia Long,23DTH1D,6.53,4.66,6.63,5.94,18.0,Kha
SV0652,Hoang Anh Minh,23DTH2A,5.4,5.16,5.26,5.27,10.2,Trung binh
SV0653,Phan Quoc Phuc,23DTH2B,8.0,6.93,7.91,7.61,4.6,Gioi
SV0654,Hoang Gia Quan,23DTH2C,5.95,6.25,6.75,6.32,0,Kha
SV0655,Ngo Bich Uyen,23DTH2D,3.33,3.82,3.54,3.56,4.3,Yeu
SV0656,Nguyen Trung Viet,23DTH1A,8.4,6.84,8.25,7.83,9.0,Gioi
SV0657,Vo Quoc Phuc,23DTH1B,6.83,7.54,7.32,7.23,0.6,Gioi
SV0658,Le Thi Linh,23DTH1C,4.02,5.23,5.22,4.82,12.2,Trung binh
SV0659,Duong Gia Son,23DTH1D,6.65,6.97,8.31,7.31,18.4,Gioi
SV0660,Ho Duc Tuan,23DTH2A,8.93,7.62,8.43,8.33,5.2,Gioi
SV0661,Phan Thi Phuong,23DTH2B,6.4,4.67,6.1,5.72,19.8,Kha
SV0662,Phan Ngoc Van,23DTH2C,5.44,6.3,4.95,5.56,12.7,Kha
SV0663,Hoang Van An,23DTH2D,6.5,6.14,6.97,6.54,0,Kha
SV0664,Duong Gia Dat,23DTH1A,7.29,6.83,7.46,7.19,10.4,Gioi
SV0665,Phan Anh Quan,23DTH1B,4.34,4.9,3.74,4.33,7.6,Trung binh
SV0666,Vo Van Cuong,23DTH1C,6.28,5.31,6.08,5.89,20.9,Kha
SV0667,Tran Duc Tuan,23DTH1D,7.62,7.2,7.66,7.49,8.9,Gioi
SV0668,Phan Ngoc Mai,23DTH2A,4.51,5.27,4.58,4.79,0,Trung binh
SV0669,Do Quoc Son,23DTH2B,7.27,6.02,6.37,6.55,9.7,Kha
SV0670,Nguyen Huong Linh,23DTH2C,6.3,6.45,6.19,6.31,2.2,Kha
SV0671,Vu Thanh Giang,23DTH2D,7.8,7.14,7.5,7.48,0,Gioi
SV0672,Tran Huu Long,23DTH1A,5.93,7.7,6.44,6.69,16.8,Kha
SV0673,Duong Thu Quyen,23DTH1B,4.47,4.4,3.62,4.16,11.3,Trung binh
SV0674,Ngo Thanh Phuong,23DTH1C,7.63,8.21,7.87,7.9,2.2,Gioi
SV0675,Phan Ngoc Mai,23DTH1D,7.71,7.85,8.42,7.99,0,Gioi
SV0676,Dang Duc Phuc,23DTH2A,6.36,6.99,7.3,6.88,15.8,Kha
SV0677,Vu Thi Nhi,23DTH2B,4.93,4.07,5.37,4.79,10.6,Trung binh
SV0678,Ho Gia Son,23DTH2C,6.71,5.77,7.34,6.61,0,Kha
SV0679,Phan Thuy Phuong,23DTH2D,8.07,8.02,7.66,7.92,2.0,Gioi
SV0680,Bui My Yen,23DTH1A,2.84,2.11,3.45,2.8,22.5,Yeu
SV0681,Ngo Quoc Khang,23DTH1B,6.47,5.43,5.58,5.83,9.0,Kha
SV0682,Le My Duyen,23DTH1C,5.66,6.35,6.33,6.11,0,Kha
SV0683,Bui Huu Phong,23DTH1D,6.45,7.59,7.1,7.05,21.0,Gioi
SV0684,Hoang My Giang,23DTH2A,5.98,6.19,5.31,5.83,18.1,Kha
SV0685,Ngo Thu Binh,23DTH2B,8.5,9.11,9.1,8.9,4.5,Xuat sac
SV0686,Pham Thuy Ha,23DTH2C,6.69,5.34,6.43,6.15,14.7,Kha
SV0687,Bui Anh Son,23DTH2D,8.04,7.21,7.23,7.49,10.4,Gioi
SV0688,Nguyen Huu Hung,23DTH1A,9.34,9.71,7.66,8.9,6.9,Xuat sac
SV0689,Pham Lan Hoa,23DTH1B,7.12,7.15,7.77,7.35,0,Gioi
SV0690,Vo Minh Dat,23DTH1C,7.62,6.25,7.01,6.96,14.1,Kha
SV0691,Tran Gia Cuong,23DTH1D,7.15,6.11,6.66,6.64,20.4,Kha
SV0692,Ho Kim Yen,23DTH2A,10,9.2,8.38,9.19,6.6,Xuat sac
SV0693,Phan Huu Binh,23DTH2B,6.25,6.31,5.72,6.09,11.2,Kha
SV0694,Tran Trung Cuong,23DTH2C,7.8,7.59,6.17,7.19,3.5,Gioi
SV0695,Duong Kim Thao,23DTH2D,7.47,8.54,8.24,8.08,4.4,Gioi
SV0696,Nguyen Minh Viet,23DTH1A,4.97,4.21,4.94,4.71,16.9,Trung binh
SV0697,Vu Van Hai,23DTH1B,3.82,3.86,4.25,3.98,10.1,Yeu
SV0698,Ho Thu Quyen,23DTH1C,6.65,5.52,5.32,5.83,1.6,Kha
SV0699,Duong Quoc Tuan,23DTH1D,3.4,3.98,4.56,3.98,10.2,Yeu
SV0700,Phan Thuy Oanh,23DTH2A,7.39,7.69,8.17,7.75,2.1,Gioi
SV0701,Dang Thuy Oanh,23DTH2B,6.47,7.77,8.09,7.44,0,Gioi
SV0702,Phan Ngoc Nga,23DTH2C,5.07,6.87,5.7,5.88,8.8,Kha
SV0703,Dang Huong An,23DTH2D,7.61,8.42,7.63,7.89,0,Gioi
SV0704,Phan Gia Giang,23DTH1A,6.65,6.27,5.27,6.06,6.8,Kha
SV0705,Dang Hoang Hung,23DTH1B,5.22,6.03,5.68,5.64,14.6,Kha
SV0706,Vo Lan Thao,23DTH1C,6.71,8.49,7.05,7.42,7.8,Gioi
SV0707,Le Gia Dat,23DTH1D,7.96,8.62,8.5,8.36,0.3,Gioi
SV0708,Huynh Thu Hoa,23DTH2A,5.82,6.16,5.43,5.8,20.3,Kha
SV0709,Huynh Hoang An,23DTH2B,6.23,5.17,6.32,5.91,17.2,Kha
SV0710,Dang Anh Tuan,23DTH2C,7.27,7.62,5.68,6.86,12.2,Kha
SV0711,Dang Thanh Giang,23DTH2D,7.38,6.55,7.48,7.14,0,Gioi
SV0712,Bui Hoang Nam,23DTH1A,6.5,5.74,6.88,6.37,9.9,Kha
SV0713,Dang Cong Phong,23DTH1B,7.53,8.15,8.09,7.92,0.1,Gioi
SV0714,Do Hoang Viet,23DTH1C,3.51,5.67,4.26,4.48,0,Trung binh
SV0715,Tran Lan Uyen,23DTH1D,5.11,3.08,5.01,4.4,28.9,Trung binh
SV0716,Hoang Huong Chi,23DTH2A,4.25,2.71,4.89,3.95,10.7,Yeu
SV0717,Duong Thuy Binh,23DTH2B,6.94,6.3,6.43,6.56,6.4,Kha
SV0718,Le Bich Binh,23DTH2C,6.21,6.7,7.49,6.8,13.0,Kha
SV0719,Ngo Trung Hung,23DTH2D,7.84,8.37,7.96,8.06,19.7,Gioi
SV0720,Ngo Van Hung,23DTH1A,6.08,6.99,7.33,6.8,3.0,Kha
SV0721,Dang Trung An,23DTH1B,5.85,5.86,5.66,5.79,3.7,Kha
SV0722,Ngo Anh Giang,23DTH1C,6.88,7.97,6.89,7.25,3.7,Gioi
SV0723,Tran Ngoc Yen,23DTH1D,6.63,6.28,6.83,6.58,7.4,Kha
SV0724,Duong Duc Hung,23DTH2A,6.82,6.48,5.8,6.37,24.1,Kha
SV0725,Ngo Huu Khang,23DTH2B,4.74,6.01,5.42,5.39,16.0,Trung binh
SV0726,Do Thanh Duyen,23DTH2C,5.49,5.18,5.19,5.29,1.9,Trung binh
SV0727,Phan Kim Thao,23DTH2D,6.24,5.37,5.86,5.82,4.5,Kha
SV0728,Do Thi Nhi,23DTH1A,7.82,7.57,8.42,7.94,5.7,Gioi
SV0729,Duong Duc Khoa,23DTH1B,5.33,6.0,4.92,5.42,11.6,Trung binh
SV0730,Nguyen Huong Ha,23DTH1C,3.86,4.98,4.09,4.31,0,Trung binh
SV0731,Nguyen Thi Ha,23DTH1D,7.31,7.87,8.58,7.92,13.8,Gioi
SV0732,Nguyen Minh Dat,23DTH2A,9.69,9.15,8.77,9.2,4.8,Xuat sac
SV0733,Vu Quoc Giang,23DTH2B,8.3,7.46,7.76,7.84,6.1,Gioi
SV0734,Phan My An,23DTH2C,5.16,5.14,5.34,5.21,16.1,Trung binh
SV0735,Ngo Thi Hoa,23DTH2D,5.02,5.69,5.65,5.45,15.8,Trung binh
SV0736,Dang Huu Long,23DTH1A,5.64,5.94,6.22,5.93,8.0,Kha
SV0737,Do Duc An,23DTH1B,6.49,7.86,7.03,7.13,4.6,Gioi
SV0738,Huynh Hoang Son,23DTH1C,5.7,4.7,4.97,5.12,0.5,Trung binh
SV0739,Ho Hoang Dung,23DTH1D,5.43,5.51,4.87,5.27,22.1,Trung binh
SV0740,Bui Thanh Lan,23DTH2A,7.92,7.67,7.21,7.6,11.4,Gioi
SV0741,Ngo Thanh Oanh,23DTH2B,6.17,6.64,6.53,6.45,7.4,Kha
SV0742,Pham Gia Dung,23DTH2C,6.15,7.98,5.96,6.7,10.2,Kha
SV0743,Huynh Thi Oanh,23DTH2D,7.41,6.31,5.26,6.33,0,Kha
SV0744,Le Thanh Oanh,23DTH1A,6.27,7.9,6.8,6.99,23.6,Kha
SV0745,Ngo Anh Dat,23DTH1B,4.92,4.8,5.19,4.97,13.2,Trung binh
SV0746,Dang Duc Son,23DTH1C,5.47,5.77,6.31,5.85,23.1,Kha
SV0747,Duong Huong Uyen,23DTH1D,6.71,7.56,7.39,7.22,2.5,Gioi
SV0748,Duong Hoang Khoa,23DTH2A,5.67,5.98,5.9,5.85,24.4,Kha
SV0749,Bui Ngoc Hoa,23DTH2B,4.32,6.21,5.77,5.43,15.3,Trung binh
SV0750,Pham Bich Nga,23DTH2C,8.83,8.64,8.96,8.81,3.8,Xuat sac
SV0751,Phan Anh Hai,23DTH2D,6.68,6.7,7.72,7.03,6.3,Gioi
SV0752,Tran Thi Giang,23DTH1A,7.8,6.8,7.17,7.26,18.7,Gioi
SV0753,Nguyen Hoang Thanh,23DTH1B,7.9,7.77,7.5,7.72,7.9,Gioi
SV0754,Huynh Thu Thao,23DTH1C,4.56,3.42,4.07,4.02,5.0,Trung binh
SV0755,Dang Thuy Ha,23DTH1D,3.64,2.48,3.27,3.13,14.1,Yeu
SV0756,Ngo Trung Hai,23DTH2A,7.89,8.38,7.95,8.07,9.1,Gioi
SV0757,Hoang Huu Hai,23DTH2B,6.98,7.97,8.16,7.7,23.1,Gioi
SV0758,Pham Ngoc Giang,23DTH2C,8.96,8.34,7.92,8.41,11.0,Gioi
SV0759,Nguyen Gia Hung,23DTH2D,5.24,6.0,5.71,5.65,0,Kha
SV0760,Le Hoang Son,23DTH1A,6.16,6.17,5.96,6.1,0,Kha
SV0761,Vu Gia Khang,23DTH1B,3.85,3.01,4.17,3.68,6.6,Yeu
SV0762,Tran Lan Giang,23DTH1C,6.14,7.27,5.61,6.34,23.6,Kha
SV0763,Pham Hoang Son,23DTH1D,6.38,6.71,6.85,6.65,0,Kha
SV0764,Dang Anh Phuc,23DTH2A,7.05,7.3,7.07,7.14,15.3,Gioi
SV0765,Bui Thanh Thao,23DTH2B,6.38,6.9,6.39,6.56,17.1,Kha
SV0766,Ngo Thu Quyen,23DTH2C,8.09,9.04,8.73,8.62,23.0,Xuat sac
SV0767,Vu Thu Linh,23DTH2D,8.42,7.56,8.28,8.09,12.4,Gioi
SV0768,Ho Thanh Lan,23DTH1A,8.12,7.47,6.76,7.45,19.6,Gioi
SV0769,Duong Thanh Uyen,23DTH1B,6.78,6.27,6.92,6.66,8.0,Kha
SV0770,Huynh My Nhi,23DTH1C,8.41,8.14,7.09,7.88,0,Gioi
SV0771,Vo Ngoc Nga,23DTH1D,6.4,6.09,7.0,6.5,0,Kha
SV0772,Bui Bich Yen,23DTH2A,5.27,5.75,5.78,5.6,14.4,Kha
SV0773,Nguyen Trung Dung,23DTH2B,8.21,8.52,8.45,8.39,19.4,Gioi
SV0774,Huynh Huong Ha,23DTH2C,6.74,6.32,5.67,6.24,20.0,Kha
SV0775,Huynh Van An,23DTH2D,6.29,7.63,6.49,6.8,12.6,Kha
SV0776,Nguyen Huu An,23DTH1A,5.41,5.16,5.68,5.42,24.9,Trung binh
SV0777,Le Cong Phong,23DTH1B,6.72,6.34,6.6,6.55,17.3,Kha
SV0778,Vu Duc Minh,23DTH1C,4.88,4.49,5.21,4.86,15.0,Trung binh
SV0779,Do Gia Dat,23DTH1D,7.2,7.23,7.05,7.16,1.0,Gioi
SV0780,Huynh Minh Son,23DTH2A,3.84,3.06,2.77,3.22,5.1,Yeu
SV0781,Hoang Thanh Duyen,23DTH2B,6.7,7.26,6.25,6.74,0.7,Kha
SV0782,Ngo Anh Phong,23DTH2C,5.97,4.29,5.05,5.1,8.9,Trung binh
SV0783,Ho Van Quan,23DTH2D,6.67,6.9,5.68,6.42,5.0,Kha
SV0784,Pham Quoc Dat,23DTH1A,8.67,8.69,8.65,8.67,16.0,Xuat sac
SV0785,Vu Anh Dung,23DTH1B,7.61,6.93,7.13,7.22,20.0,Gioi
SV0786,Nguyen Thi Duyen,23DTH1C,6.54,6.87,7.05,6.82,5.4,Kha
SV0787,Vu Quoc Son,23DTH1D,6.88,6.42,6.36,6.55,5.4,Kha
SV0788,Huynh Thanh Mai,23DTH2A,8.77,9.07,8.43,8.76,8.7,Xuat sac
SV0789,Ngo Thanh Duyen,23DTH2B,8.03,8.42,8.12,8.19,12.9,Gioi
SV0790,Le Huong Ha,23DTH2C,10,9.04,8.69,9.24,9.9,Xuat sac
SV0791,Ho Huong Linh,23DTH2D,7.62,5.55,7.37,6.85,12.1,Kha
SV0792,Dang Quoc Long,23DTH1A,6.46,6.98,5.92,6.45,15.3,Kha
SV0793,Duong Kim Chi,23DTH1B,7.3,7.37,6.89,7.19,19.6,Gioi
SV0794,Dang Thuy Binh,23DTH1C,6.63,6.26,5.74,6.21,10.9,Kha
SV0795,Do Huu Khang,23DTH1D,6.63,7.97,6.72,7.11,13.3,Gioi
SV0796,Hoang Thu Ha,23DTH2A,5.03,4.17,5.18,4.79,0,Trung binh
SV0797,Le Duc Binh,23DTH2B,3.46,3.2,3.04,3.23,0.5,Yeu
SV0798,Hoang Gia Hung,23DTH2C,6.77,6.07,6.26,6.37,7.7,Kha
SV0799,Phan Quoc Minh,23DTH2D,6.38,7.72,7.0,7.03,1.2,Gioi
SV0800,Tran Trung Tuan,23DTH1A,4.82,5.67,4.32,4.94,6.2,Trung binh
SV0801,Hoang Gia Viet,23DTH1B,7.3,7.93,8.77,8.0,18.3,Gioi
SV0802,Dang Duc Son,23DTH1C,6.56,6.87,6.92,6.78,14.7,Kha
SV0803,Hoang Huong Thao,23DTH1D,9.0,9.06,8.56,8.87,0,Xuat sac
SV0804,Huynh My Mai,23DTH2A,7.18,6.77,6.38,6.78,4.7,Kha
SV0805,Tran Van Long,23DTH2B,3.41,3.5,4.89,3.93,19.1,Yeu
SV0806,Tran Huong Trang,23DTH2C,6.26,6.84,7.12,6.74,12.4,Kha
SV0807,Dang My Phuong,23DTH2D,5.24,4.87,6.26,5.46,19.9,Trung binh
SV0808,Ho Thi Thao,23DTH1A,6.67,6.71,7.53,6.97,10.1,Kha
SV0809,Bui Thanh Phuong,23DTH1B,5.58,5.83,5.48,5.63,21.0,Kha
SV0810,Duong Thanh Quyen,23DTH1C,6.43,6.15,6.41,6.33,1.7,Kha
SV0811,Ho Trung Hung,23DTH1D,8.11,7.17,8.24,7.84,21.8,Gioi
SV0812,Vu Huong Mai,23DTH2A,2.03,1.94,1.71,1.89,10.6,Yeu
SV0813,Dang Hoang Hung,23DTH2B,6.72,7.34,5.91,6.66,19.8,Kha
SV0814,Dang Gia Viet,23DTH2C,6.76,6.26,7.16,6.73,10.7,Kha
SV0815,Vu Huu Hung,23DTH2D,2.78,2.22,3.26,2.75,13.6,Yeu
SV0816,Vu Hoang Dung,23DTH1A,4.7,4.5,4.4,4.53,13.4,Trung binh
SV0817,Le Cong Phong,23DTH1B,4.74,6.39,6.43,5.85,12.8,Kha
SV0818,Ngo Thuy Ha,23DTH1C,4.49,4.93,3.71,4.38,8.0,Trung binh
SV0819,Pham Huong Phuong,23DTH1D,5.26,4.46,5.41,5.04,7.6,Trung binh
SV0820,Nguyen Van An,23DTH2A,6.47,7.21,7.64,7.11,12.0,Gioi
SV0821,Ho Minh Giang,23DTH2B,4.93,5.07,4.05,4.68,10.3,Trung binh
SV0822,Nguyen Thi Phuong,23DTH2C,4.03,4.83,4.14,4.33,9.9,Trung binh
SV0823,Vo Minh Nam,23DTH2D,6.39,6.97,6.14,6.5,10.3,Kha
SV0824,Phan Duc Hung,23DTH1A,4.48,3.95,4.64,4.36,12.5,Trung binh
SV0825,Ngo Bich Binh,23DTH1B,7.22,7.09,6.95,7.09,18.9,Gioi
SV0826,Duong My Nhi,23DTH1C,5.62,5.19,5.29,5.37,18.9,Trung binh
SV0827,Pham Cong An,23DTH1D,6.54,6.83,6.83,6.73,2.5,Kha
SV0828,Duong Lan An,23DTH2A,7.96,7.65,7.7,7.77,11.0,Gioi
SV0829,Vo Ngoc Yen,23DTH2B,5.91,5.13,4.64,5.23,7.3,Trung binh
SV0830,Huynh Kim Hoa,23DTH2C,8.91,7.94,7.73,8.19,17.5,Gioi
SV0831,Le Lan Hoa,23DTH2D,5.93,5.36,5.09,5.46,23.3,Trung binh
SV0832,Le Trung Khoa,23DTH1A,7.54,6.86,6.37,6.92,10.5,Kha
SV0833,Phan Huong Nhi,23DTH1B,6.9,7.3,7.04,7.08,2.5,Gioi
SV0834,Duong Thuy Chi,23DTH1C,9.52,8.57,8.09,8.73,11.2,Xuat sac
SV0835,Ngo Thuy Uyen,23DTH1D,8.0,7.61,7.29,7.63,0,Gioi
SV0836,Dang Lan Giang,23DTH2A,7.58,7.88,8.59,8.02,7.2,Gioi
SV0837,Ngo Thu An,23DTH2B,5.56,4.66,4.99,5.07,15.4,Trung binh
SV0838,Do Thuy Uyen,23DTH2C,6.1,5.68,6.15,5.98,0,Kha
SV0839,Ho Anh Phuc,23DTH2D,5.87,7.26,7.48,6.87,18.6,Kha
SV0840,Tran Ngoc Trang,23DTH1A,5.09,5.13,5.27,5.16,17.6,Trung binh
SV0841,Duong Gia Viet,23DTH1B,7.23,6.23,7.98,7.15,17.2,Gioi
SV0842,Hoang Kim Trang,23DTH1C,8.1,7.77,9.13,8.33,10.5,Gioi
SV0843,Pham Huong Giang,23DTH1D,4.05,4.11,4.44,4.2,8.1,Trung binh
SV0844,Vu Kim Duyen,23DTH2A,7.0,8.73,7.34,7.69,15.7,Gioi
SV0845,Ho Thuy Trang,23DTH2B,5.83,7.07,6.65,6.52,6.1,Kha
SV0846,Bui Anh Hung,23DTH2C,7.16,6.48,7.79,7.14,20.9,Gioi
SV0847,Vu Thuy Hoa,23DTH2D,7.39,7.86,7.56,7.6,28.7,Gioi
SV0848,Do Cong Hai,23DTH1A,3.61,3.75,2.15,3.17,12.1,Yeu
SV0849,Ngo Van An,23DTH1B,9.96,8.9,9.03,9.3,13.5,Xuat sac
SV0850,Do Hoang Khang,23DTH1C,4.82,4.9,5.96,5.23,16.5,Trung binh
SV0851,Dang Huong Binh,23DTH1D,4.48,4.97,4.34,4.6,0,Trung binh
SV0852,Le Thu Linh,23DTH2A,8.17,8.89,8.0,8.35,13.8,Gioi
SV0853,Vu Gia Cuong,23DTH2B,4.52,4.88,4.56,4.65,13.1,Trung binh
SV0854,Pham Van Phuc,23DTH2C,4.53,4.52,3.48,4.18,13.8,Trung binh
SV0855,Le Quoc Khoa,23DTH2D,8.69,7.83,8.4,8.31,1.6,Gioi
SV0856,Phan Cong Long,23DTH1A,7.23,7.3,7.38,7.3,9.8,Gioi
SV0857,Phan Huu Hung,23DTH1B,8.76,9.25,9.13,9.05,1.7,Xuat sac
SV0858,Pham My Duyen,23DTH1C,2.62,4.37,4.43,3.81,8.5,Yeu
SV0859,Huynh Huong Duyen,23DTH1D,8.01,8.52,7.75,8.09,11.0,Gioi
SV0860,Tran Huu Quan,23DTH2A,8.06,7.34,7.82,7.74,7.1,Gioi
SV0861,Vo Thi Quyen,23DTH2B,7.1,6.81,6.54,6.82,12.8,Kha
SV0862,Bui Anh Phuc,23DTH2C,5.49,6.04,5.56,5.7,7.2,Kha
SV0863,Tran Ngoc Mai,23DTH2D,8.29,7.75,7.9,7.98,6.0,Gioi
SV0864,Phan Huu Viet,23DTH1A,7.13,6.67,7.2,7.0,19.1,Gioi
SV0865,Vu Anh Khoa,23DTH1B,7.35,7.62,7.88,7.62,6.4,Gioi
SV0866,Dang Thu Binh,23DTH1C,7.33,6.27,7.57,7.06,0,Gioi
SV0867,Duong Huu Phong,23DTH1D,6.84,6.31,6.14,6.43,9.2,Kha
SV0868,Nguyen Quoc Thanh,23DTH2A,8.66,7.74,8.61,8.34,0.6,Gioi
SV0869,Tran Thu Quyen,23DTH2B,6.66,6.6,5.51,6.26,9.1,Kha
SV0870,Ngo My Hoa,23DTH2C,9.73,8.42,10,9.38,18.0,Xuat sac
SV0871,Le Anh Giang,23DTH2D,9.24,8.61,8.29,8.71,22.6,Xuat sac
SV0872,Nguyen Gia Cuong,23DTH1A,8.44,7.66,7.18,7.76,22.7,Gioi
SV0873,Nguyen Duc Viet,23DTH1B,5.87,6.83,5.59,6.1,4.2,Kha
SV0874,Tran Kim An,23DTH1C,6.96,7.37,7.82,7.38,18.5,Gioi
SV0875,Ho Cong Khang,23DTH1D,6.38,6.99,6.68,6.68,16.7,Kha
SV0876,Huynh Thi Nga,23DTH2A,6.1,7.23,6.36,6.56,0.6,Kha
SV0877,Hoang Minh Dat,23DTH2B,2.08,3.64,2.66,2.79,10.0,Yeu
SV0878,Dang Hoang Nam,23DTH2C,7.61,8.21,8.23,8.02,3.3,Gioi
SV0879,Duong Thanh Phuong,23DTH2D,5.43,4.47,5.31,5.07,6.3,Trung binh
SV0880,Le Quoc Cuong,23DTH1A,7.53,7.95,7.41,7.63,11.7,Gioi
SV0881,Nguyen Huong Thao,23DTH1B,7.07,7.88,7.21,7.39,28.9,Gioi
SV0882,Duong Duc Thanh,23DTH1C,7.15,6.01,6.29,6.48,15.4,Kha
SV0883,Nguyen Cong Hung,23DTH1D,6.37,6.81,6.54,6.57,19.7,Kha
SV0884,Tran Kim Van,23DTH2A,8.69,8.92,9.03,8.88,9.7,Xuat sac
SV0885,Ngo Anh Phuc,23DTH2B,7.59,6.68,7.29,7.19,15.3,Gioi
SV0886,Ho Kim Duyen,23DTH2C,6.61,5.25,6.97,6.28,17.6,Kha
SV0887,Vo Duc Dat,23DTH2D,7.86,6.28,7.18,7.11,0,Gioi
SV0888,Bui Bich Ha,23DTH1A,7.81,8.63,8.33,8.26,10.8,Gioi
SV0889,Pham My Duyen,23DTH1B,5.34,7.16,5.52,6.01,3.4,Kha
SV0890,Bui Huong Trang,23DTH1C,7.14,6.66,6.52,6.77,14.7,Kha
SV0891,Nguyen Lan Phuong,23DTH1D,6.51,7.66,6.84,7.0,2.2,Gioi
SV0892,Duong Cong Giang,23DTH2A,8.61,7.92,6.49,7.67,16.1,Gioi
SV0893,Pham Duc Binh,23DTH2B,8.85,8.81,7.55,8.4,4.7,Gioi
SV0894,Tran Minh Phuc,23DTH2C,8.08,8.02,8.19,8.1,5.7,Gioi
SV0895,Pham Thanh Oanh,23DTH2D,4.45,4.02,3.95,4.14,27.3,Trung binh
SV0896,Bui Ngoc Van,23DTH1A,6.07,6.04,5.83,5.98,7.8,Kha
SV0897,Phan Thi Phuong,23DTH1B,1.78,1.5,1.28,1.52,27.7,Yeu
SV0898,Pham Minh Viet,23DTH1C,7.67,7.77,7.61,7.68,8.8,Gioi
SV0899,Bui My Giang,23DTH1D,8.02,6.77,6.8,7.2,16.6,Gioi
SV0900,Nguyen Hoang Son,23DTH2A,3.34,3.81,5.24,4.13,17.1,Trung binh
SV0901,Le Gia Long,23DTH2B,5.82,6.2,6.32,6.11,23.1,Kha
SV0902,Tran Thi Quyen,23DTH2C,5.61,5.34,5.64,5.53,4.3,Kha
SV0903,Dang Hoang Tuan,23DTH2D,6.84,7.67,8.6,7.7,7.2,Gioi
SV0904,Vu Thu Uyen,23DTH1A,8.8,7.12,9.04,8.32,21.0,Gioi
SV0905,Bui Thanh Duyen,23DTH1B,8.32,8.24,8.41,8.32,18.3,Gioi
SV0906,Bui Lan Trang,23DTH1C,8.15,8.53,7.98,8.22,9.8,Gioi
SV0907,Dang Anh Dat,23DTH1D,4.62,3.36,4.11,4.03,0,Trung binh
SV0908,Ngo Thu Duyen,23DTH2A,8.73,8.36,8.05,8.38,15.8,Gioi
SV0909,Dang Cong Long,23DTH2B,3.55,2.4,2.66,2.87,8.4,Yeu
SV0910,Dang Quoc Cuong,23DTH2C,7.25,6.06,6.96,6.76,11.9,Kha
SV0911,Bui Anh Khang,23DTH2D,8.36,8.23,9.59,8.73,16.1,Xuat sac
SV0912,Dang Minh Phuc,23DTH1A,7.47,7.01,6.8,7.09,21.4,Gioi
SV0913,Hoang Kim Trang,23DTH1B,7.72,7.07,6.3,7.03,6.5,Gioi
SV0914,Bui Huong An,23DTH1C,9.1,8.18,8.34,8.54,10.0,Xuat sac
SV0915,Nguyen Thuy Ha,23DTH1D,7.4,6.77,6.38,6.85,10.2,Kha
SV0916,Phan Cong Quan,23DTH2A,8.46,7.72,8.77,8.32,7.3,Gioi
SV0917,Pham Huong Nhi,23DTH2B,8.32,7.59,7.88,7.93,0,Gioi
SV0918,Tran Thi Nhi,23DTH2C,8.54,8.31,8.58,8.48,0,Gioi
SV0919,Tran Thi Phuong,23DTH2D,7.55,8.71,7.76,8.01,4.3,Gioi
SV0920,Pham Thuy An,23DTH1A,3.54,4.46,5.17,4.39,27.4,Trung binh
SV0921,Ho Duc Long,23DTH1B,8.16,8.83,8.75,8.58,12.4,Xuat sac
SV0922,Huynh Quoc Cuong,23DTH1C,6.51,7.85,7.32,7.23,16.8,Gioi
SV0923,Pham Lan Phuong,23DTH1D,8.08,8.43,7.97,8.16,17.4,Gioi
SV0924,Le Thuy Uyen,23DTH2A,7.43,6.72,7.34,7.16,14.8,Gioi
SV0925,Vo Kim Oanh,23DTH2B,4.91,4.69,5.23,4.94,8.0,Trung binh
SV0926,Vu Huu Tuan,23DTH2C,7.43,6.11,6.01,6.52,14.8,Kha
SV0927,Huynh Thuy Linh,23DTH2D,4.06,4.98,4.17,4.4,13.9,Trung binh
SV0928,Do Minh Phong,23DTH1A,8.13,7.85,7.15,7.71,9.6,Gioi
SV0929,Dang Minh Dung,23DTH1B,4.69,5.64,5.61,5.31,13.4,Trung binh
SV0930,Ngo Trung Phong,23DTH1C,7.51,7.73,6.37,7.2,11.8,Gioi
SV0931,Do Huong Uyen,23DTH1D,10,10,9.8,9.93,4.1,Xuat sac
SV0932,Duong Hoang Binh,23DTH2A,5.45,5.32,5.36,5.38,20.6,Trung binh
SV0933,Hoang Anh Khang,23DTH2B,7.8,7.98,7.63,7.8,29.2,Gioi
SV0934,Hoang Van Khang,23DTH2C,6.83,7.05,7.4,7.09,8.7,Gioi
SV0935,Pham Huu Quan,23DTH2D,6.75,5.15,4.8,5.57,22.4,Kha
SV0936,Nguyen Thu Yen,23DTH1A,9.18,8.71,8.15,8.68,15.7,Xuat sac
SV0937,Pham My Thao,23DTH1B,8.01,7.47,8.52,8.0,16.7,Gioi
SV0938,Duong Quoc Khoa,23DTH1C,3.2,4.39,3.05,3.55,11.7,Yeu
SV0939,Vu Ngoc Van,23DTH1D,6.83,8.28,8.14,7.75,10.9,Gioi
SV0940,Dang Gia Hung,23DTH2A,6.25,7.31,7.75,7.1,2.9,Gioi
SV0941,Ngo Gia Son,23DTH2B,7.86,6.56,8.16,7.53,15.9,Gioi
SV0942,Bui Quoc Khoa,23DTH2C,6.73,5.77,6.73,6.41,0,Kha
SV0943,Hoang Huu Son,23DTH2D,5.07,5.88,7.24,6.06,32.4,Kha
SV0944,Vu Duc Quan,23DTH1A,4.74,6.19,5.43,5.45,1.1,Trung binh
SV0945,Dang Quoc Long,23DTH1B,5.48,5.65,5.8,5.64,21.9,Kha
SV0946,Duong Lan Quyen,23DTH1C,8.07,7.62,8.25,7.98,8.5,Gioi
SV0947,Hoang Gia Phuc,23DTH1D,7.19,5.86,6.05,6.37,3.0,Kha
SV0948,Pham Minh Quan,23DTH2A,6.5,6.18,7.82,6.83,16.9,Kha
SV0949,Le Huong Oanh,23DTH2B,5.91,5.74,5.19,5.61,14.9,Kha
SV0950,Ngo Huu Long,23DTH2C,5.38,5.6,5.44,5.47,10.6,Trung binh
SV0951,Dang Cong Nam,23DTH2D,8.56,8.35,8.89,8.6,10.6,Xuat sac
SV0952,Duong Thanh Mai,23DTH1A,9.58,8.86,8.48,8.97,0.5,Xuat sac
SV0953,Ngo Duc Thanh,23DTH1B,7.77,8.59,8.31,8.22,0,Gioi
SV0954,Hoang Cong Long,23DTH1C,8.79,8.36,7.81,8.32,12.8,Gioi
SV0955,Vu Duc Thanh,23DTH1D,8.0,7.44,7.94,7.79,8.6,Gioi
SV0956,Hoang Trung An,23DTH2A,5.43,5.9,5.26,5.53,16.5,Kha
SV0957,Pham Cong Hung,23DTH2B,4.21,5.18,5.27,4.89,12.1,Trung binh
SV0958,Dang Minh Quan,23DTH2C,7.26,7.18,6.17,6.87,0,Kha
SV0959,Phan Thuy Yen,23DTH2D,7.38,6.04,6.34,6.59,0,Kha
SV0960,Tran Cong Hai,23DTH1A,4.89,5.54,6.05,5.49,10.7,Trung binh
SV0961,Pham My Chi,23DTH1B,6.22,5.93,5.72,5.96,5.9,Kha
SV0962,Bui Trung Son,23DTH1C,7.18,8.09,7.37,7.55,7.8,Gioi
SV0963,Nguyen Anh Phuc,23DTH1D,6.43,5.96,5.45,5.95,0.9,Kha
SV0964,Ngo Huu Minh,23DTH2A,9.47,7.86,8.3,8.54,7.5,Xuat sac
SV0965,Ho Huong Nhi,23DTH2B,8.22,7.5,8.2,7.97,18.3,Gioi
SV0966,Vo Thanh Nhi,23DTH2C,7.43,7.49,7.04,7.32,23.1,Gioi
SV0967,Vo Minh Hai,23DTH2D,4.79,4.04,4.71,4.51,14.6,Trung binh
SV0968,Dang Quoc Viet,23DTH1A,5.52,6.16,5.5,5.73,0,Kha
SV0969,Bui Quoc Tuan,23DTH1B,3.15,3.0,2.69,2.95,22.9,Yeu
SV0970,Duong Thanh Trang,23DTH1C,8.42,9.5,9.09,9.0,6.0,Xuat sac
SV0971,Dang Van Thanh,23DTH1D,6.99,7.02,7.61,7.21,0,Gioi
SV0972,Ho Hoang Dung,23DTH2A,7.26,8.41,6.64,7.44,4.9,Gioi
SV0973,Tran Lan Yen,23DTH2B,6.92,7.26,6.59,6.92,24.6,Kha
SV0974,Vo Lan Nhi,23DTH2C,3.23,4.87,4.57,4.22,6.3,Trung binh
SV0975,Vo Huu Cuong,23DTH2D,7.15,6.34,7.14,6.88,0.2,Kha
SV0976,Nguyen Huu Dung,23DTH1A,8.87,8.63,9.84,9.11,0.5,Xuat sac
SV0977,Duong Lan Van,23DTH1B,6.22,7.18,6.63,6.68,6.5,Kha
SV0978,Duong Trung Cuong,23DTH1C,6.07,8.07,5.75,6.63,0,Kha
SV0979,Vu Gia Son,23DTH1D,8.76,8.6,8.25,8.54,10.0,Xuat sac
SV0980,Dang Quoc Thanh,23DTH2A,4.14,3.9,4.09,4.04,3.7,Trung binh
SV0981,Phan Thuy Hoa,23DTH2B,5.81,5.47,6.66,5.98,6.7,Kha
SV0982,Hoang Thi Yen,23DTH2C,4.92,4.1,5.47,4.83,12.0,Trung binh
SV0983,Ho Anh Giang,23DTH2D,4.07,4.36,4.31,4.25,25.0,Trung binh
SV0984,Ho Duc An,23DTH1A,9.03,8.77,7.54,8.45,10.5,Gioi
SV0985,Pham Minh Phuc,23DTH1B,6.24,6.72,7.81,6.92,11.7,Kha
SV0986,Bui Ngoc Oanh,23DTH1C,6.74,6.15,6.54,6.48,19.5,Kha
SV0987,Huynh Van Khang,23DTH1D,8.64,7.69,7.87,8.07,8.2,Gioi
SV0988,Tran Trung Quan,23DTH2A,7.41,7.06,6.64,7.04,20.8,Gioi
SV0989,Le Ngoc Ha,23DTH2B,6.08,6.49,5.17,5.91,6.9,Kha
SV0990,Pham Hoang Long,23DTH2C,5.95,6.58,5.87,6.13,10.1,Kha
SV0991,Vu Ngoc Oanh,23DTH2D,7.93,8.03,8.72,8.23,18.1,Gioi
SV0992,Hoang Ngoc Yen,23DTH1A,4.87,4.76,4.64,4.76,5.2,Trung binh
SV0993,Do Anh Dat,23DTH1B,7.28,6.93,6.44,6.88,16.6,Kha
SV0994,Bui Cong Khang,23DTH1C,7.07,6.63,6.86,6.85,8.0,Kha
SV0995,Vu Thi Uyen,23DTH1D,7.26,7.09,8.71,7.69,14.4,Gioi
SV0996,Nguyen Ngoc Phuong,23DTH2A,4.29,3.78,4.4,4.16,14.6,Trung binh
SV0997,Dang Lan Trang,23DTH2B,8.59,8.01,9.1,8.57,0.5,Xuat sac
SV0998,Tran Duc Phuc,23DTH2C,5.95,6.06,5.8,5.94,11.8,Kha
SV0999,Pham Trung Thanh,23DTH2D,4.38,4.78,4.54,4.57,2.5,Trung binh
SV1000,Huynh Kim Linh,23DTH1A,7.61,8.37,8.59,8.19,11.4,Gioi
SV1001,Phan Anh Cuong,23DTH1B,7.17,7.73,6.21,7.04,0,Gioi
SV1002,Le Ngoc Linh,23DTH1C,6.88,7.53,7.73,7.38,11.1,Gioi
SV1003,Phan Cong Minh,23DTH1D,6.18,6.51,6.53,6.41,2.7,Kha
SV1004,Ngo Gia Tuan,23DTH2A,5.37,5.51,4.9,5.26,18.0,Trung binh
SV1005,Vu Thu Thao,23DTH2B,2.48,4.24,2.59,3.1,8.0,Yeu
SV1006,Bui Anh Binh,23DTH2C,6.52,6.51,6.15,6.39,14.4,Kha
SV1007,Phan Thanh Oanh,23DTH2D,7.71,8.25,7.45,7.8,24.4,Gioi
SV1008,Bui Thanh Yen,23DTH1A,8.91,7.93,8.63,8.49,0.4,Gioi
SV1009,Phan Huong Linh,23DTH1B,4.5,5.94,5.58,5.34,23.1,Trung binh
SV1010,Pham Lan Van,23DTH1C,4.54,3.99,3.73,4.09,8.2,Trung binh
SV1011,Vu Huong Oanh,23DTH1D,8.32,8.06,6.96,7.78,8.3,Gioi
SV1012,Vo My Trang,23DTH2A,9.2,8.67,7.55,8.47,12.0,Gioi
SV1013,Pham Thu Nga,23DTH2B,8.97,7.45,7.98,8.13,19.7,Gioi
SV1014,Vu Anh Nam,23DTH2C,7.57,7.35,7.72,7.55,24.5,Gioi
SV1015,Ho Lan Quyen,23DTH2D,8.15,7.5,8.33,7.99,7.0,Gioi
SV1016,Duong Quoc Tuan,23DTH1A,5.53,5.96,7.48,6.32,26.3,Kha
SV1017,Vo Huu Cuong,23DTH1B,7.93,8.24,8.33,8.17,20.7,Gioi
SV1018,Ngo Anh Khoa,23DTH1C,7.23,7.09,6.49,6.94,4.6,Kha
SV1019,Pham Kim Nhi,23DTH1D,5.73,5.74,5.27,5.58,24.9,Kha
SV1020,Hoang Gia Tuan,23DTH2A,5.61,6.02,6.07,5.9,19.4,Kha
SV1021,Le Hoang Nam,23DTH2B,5.16,6.19,6.33,5.89,12.4,Kha
SV1022,Hoang Hoang Quan,23DTH2C,6.59,7.03,6.44,6.69,26.5,Kha
SV1023,Ngo Van An,23DTH2D,5.94,6.41,5.85,6.07,0,Kha
SV1024,Ho Lan Nhi,23DTH1A,4.76,5.94,5.55,5.42,20.5,Trung binh
SV1025,Ho Anh Long,23DTH1B,3.56,4.36,3.47,3.8,3.5,Yeu
SV1026,Pham Duc Binh,23DTH1C,6.89,6.3,6.54,6.58,16.8,Kha
SV1027,Tran Thu Nga,23DTH1D,6.08,7.22,7.09,6.8,0,Kha
SV1028,Vu Kim Binh,23DTH2A,3.87,4.61,3.64,4.04,16.8,Trung binh
SV1029,Hoang Cong Dung,23DTH2B,7.19,7.1,7.36,7.22,17.1,Gioi
SV1030,Ho Thi Yen,23DTH2C,7.98,8.32,8.29,8.2,9.6,Gioi
SV1031,Pham Van Minh,23DTH2D,6.63,5.09,7.18,6.3,5.3,Kha
SV1032,Nguyen Thu Phuong,23DTH1A,7.09,6.6,7.2,6.96,0,Kha
SV1033,Nguyen Thanh An,23DTH1B,7.95,8.07,8.62,8.21,8.7,Gioi
SV1034,Phan Huong Phuong,23DTH1C,5.9,5.19,5.73,5.61,25.9,Kha
SV1035,Nguyen Trung Minh,23DTH1D,4.61,5.94,5.7,5.42,9.2,Trung binh
SV1036,Ngo Thi Hoa,23DTH2A,7.49,8.58,8.12,8.06,4.8,Gioi
SV1037,Phan Huong Giang,23DTH2B,5.66,4.3,4.65,4.87,15.5,Trung binh
SV1038,Pham Trung Viet,23DTH2C,9.75,9.49,8.58,9.27,7.8,Xuat sac
SV1039,Do Huong Linh,23DTH2D,6.86,6.29,7.28,6.81,18.8,Kha
SV1040,Hoang Thanh Mai,23DTH1A,6.29,6.88,6.66,6.61,0,Kha
SV1041,Hoang Hoang Nam,23DTH1B,8.09,7.9,9.37,8.45,9.7,Gioi
SV1042,Ngo Thuy Duyen,23DTH1C,4.5,4.77,5.08,4.78,1.4,Trung binh
SV1043,Do Van Phuc,23DTH1D,7.61,8.74,7.49,7.95,11.0,Gioi
SV1044,Hoang Quoc Quan,23DTH2A,8.62,8.15,6.9,7.89,0,Gioi
SV1045,Nguyen Thuy Chi,23DTH2B,8.2,9.6,9.32,9.04,5.1,Xuat sac
SV1046,Le Van An,23DTH2C,7.43,5.95,7.32,6.9,19.3,Kha
SV1047,Phan Ngoc Giang,23DTH2D,5.57,6.52,4.93,5.67,23.4,Kha
SV1048,Duong Thu Linh,23DTH1A,8.0,7.96,6.66,7.54,13.8,Gioi
SV1049,Pham Duc Tuan,23DTH1B,3.71,4.07,4.26,4.01,16.7,Trung binh
SV1050,Tran Huu Cuong,23DTH1C,5.86,4.6,4.88,5.11,16.7,Trung binh
SV1051,Bui Gia Khoa,23DTH1D,8.33,5.62,8.08,7.34,19.3,Gioi
SV1052,Tran Cong Dat,23DTH2A,5.12,5.35,4.86,5.11,11.1,Trung binh
SV1053,Vo Huu Khoa,23DTH2B,4.67,4.3,4.76,4.58,19.1,Trung binh
SV1054,Do Minh Hai,23DTH2C,5.18,4.33,4.75,4.75,19.5,Trung binh
SV1055,Tran Quoc Hai,23DTH2D,6.75,6.69,8.12,7.19,5.3,Gioi
SV1056,Pham Huong Oanh,23DTH1A,4.92,7.05,6.8,6.26,0,Kha
SV1057,Pham Thu Ha,23DTH1B,6.52,6.78,6.16,6.49,1.7,Kha
SV1058,Bui Thi Linh,23DTH1C,7.23,6.46,7.15,6.95,7.7,Kha
SV1059,Hoang Trung Nam,23DTH1D,6.26,6.24,6.14,6.21,17.4,Kha
SV1060,Ngo Lan Linh,23DTH2A,4.25,4.57,5.13,4.65,12.7,Trung binh
SV1061,Vo My Giang,23DTH2B,3.65,2.3,4.01,3.32,1.3,Yeu
SV1062,Ngo Lan Mai,23DTH2C,8.0,7.83,6.7,7.51,18.8,Gioi
SV1063,Ho Thanh Thao,23DTH2D,4.16,3.59,4.11,3.95,4.3,Yeu
SV1064,Vo Thi Nga,23DTH1A,7.16,7.26,9.13,7.85,12.7,Gioi
SV1065,Phan Cong Tuan,23DTH1B,4.64,4.53,3.65,4.27,15.3,Trung binh
SV1066,Do Cong Hai,23DTH1C,5.67,5.23,6.81,5.9,6.3,Kha
SV1067,Phan Anh Khang,23DTH1D,9.12,8.95,8.34,8.8,6.0,Xuat sac
SV1068,Ho Duc Phong,23DTH2A,7.65,6.7,7.72,7.36,15.5,Gioi
SV1069,Tran Gia An,23DTH2B,5.17,5.63,5.0,5.27,25.9,Trung binh
SV1070,Dang Van Cuong,23DTH2C,6.13,4.78,5.42,5.44,9.2,Trung binh
SV1071,Hoang My Van,23DTH2D,6.37,6.67,5.25,6.1,0.9,Kha
SV1072,Do Thuy Binh,23DTH1A,8.1,8.72,7.4,8.07,13.2,Gioi
SV1073,Phan Ngoc Nga,23DTH1B,6.56,6.27,5.92,6.25,9.3,Kha
SV1074,Dang My Trang,23DTH1C,7.35,7.8,7.35,7.5,4.5,Gioi
SV1075,Vo Bich Uyen,23DTH1D,2.5,2.94,2.86,2.77,18.6,Yeu
SV1076,Dang Cong Minh,23DTH2A,6.37,6.68,6.69,6.58,22.5,Kha
SV1077,Bui Bich Quyen,23DTH2B,5.61,5.85,5.02,5.49,10.1,Trung binh
SV1078,Vu Thi Mai,23DTH2C,7.75,9.04,8.32,8.37,0,Gioi
SV1079,Vu Hoang Viet,23DTH2D,2.95,3.06,3.09,3.03,12.5,Yeu
SV1080,Bui Duc Quan,23DTH1A,6.58,7.77,6.46,6.94,0,Kha
SV1081,Pham Thu Trang,23DTH1B,2.01,2.53,2.77,2.44,15.7,Yeu
SV1082,Huynh Bich Trang,23DTH1C,4.92,5.1,4.84,4.95,17.2,Trung binh
SV1083,Tran Duc Phong,23DTH1D,6.63,6.46,7.34,6.81,2.8,Kha
SV1084,Huynh Duc Hai,23DTH2A,8.92,8.98,8.77,8.89,6.3,Xuat sac
SV1085,Vo Ngoc Chi,23DTH2B,3.31,1.93,4.03,3.09,7.4,Yeu
SV1086,Dang Trung Thanh,23DTH2C,6.49,6.87,5.87,6.41,2.3,Kha
SV1087,Ho Huong Quyen,23DTH2D,4.48,4.62,2.73,3.94,7.2,Yeu
SV1088,Ngo Kim Yen,23DTH1A,5.06,5.94,5.93,5.64,9.4,Kha
SV1089,Ngo Van Khang,23DTH1B,5.16,5.29,5.0,5.15,10.8,Trung binh
SV1090,Duong Thu Nga,23DTH1C,7.09,5.9,5.62,6.2,0.7,Kha
SV1091,Tran Bich Nga,23DTH1D,6.13,6.68,5.95,6.25,5.2,Kha
SV1092,Duong Lan Lan,23DTH2A,6.63,7.8,6.61,7.01,0.4,Gioi
SV1093,Pham Lan Phuong,23DTH2B,7.45,7.37,6.96,7.26,4.3,Gioi
SV1094,Pham Thi Linh,23DTH2C,9.37,8.73,9.19,9.1,8.8,Xuat sac
SV1095,Phan Van Viet,23DTH2D,4.16,4.18,4.9,4.41,17.7,Trung binh
SV1096,Dang Thi Linh,23DTH1A,5.28,5.04,5.63,5.32,14.5,Trung binh
SV1097,Tran Ngoc Phuong,23DTH1B,5.1,5.41,6.33,5.61,4.0,Kha
SV1098,Ho Cong Hung,23DTH1C,6.87,6.19,6.88,6.65,0,Kha
SV1099,Tran Huong Van,23DTH1D,5.59,6.06,5.67,5.77,4.4,Kha
SV1100,Nguyen Quoc Phuc,23DTH2A,4.37,4.34,3.6,4.1,11.8,Trung binh
SV1101,Ho Duc Phong,23DTH2B,6.77,7.03,6.94,6.91,2.2,Kha
SV1102,Vo Minh Giang,23DTH2C,4.81,5.56,6.47,5.61,11.4,Kha
SV1103,Do Duc Nam,23DTH2D,4.62,5.15,5.23,5.0,14.2,Trung binh
SV1104,Ngo Lan Mai,23DTH1A,6.16,6.94,7.2,6.77,4.2,Kha
SV1105,Ho Huong Binh,23DTH1B,6.28,6.68,7.02,6.66,4.0,Kha
SV1106,Tran Anh An,23DTH1C,3.54,4.43,3.64,3.87,15.3,Yeu
SV1107,Nguyen Thi Trang,23DTH1D,6.56,6.64,6.81,6.67,9.3,Kha
SV1108,Dang Thi Mai,23DTH2A,5.59,5.8,4.61,5.33,7.0,Trung binh
SV1109,Le Thi Yen,23DTH2B,6.75,7.22,8.39,7.45,15.4,Gioi
SV1110,Pham Thuy Oanh,23DTH2C,8.98,8.77,8.43,8.73,0,Xuat sac
SV1111,Hoang Minh Phuc,23DTH2D,8.02,7.75,7.4,7.72,0,Gioi
SV1112,Bui Huu Thanh,23DTH1A,8.08,7.54,8.44,8.02,0.6,Gioi
SV1113,Duong Lan Quyen,23DTH1B,3.86,4.79,3.82,4.16,14.0,Trung binh
SV1114,Vo Minh Phong,23DTH1C,5.89,5.66,5.94,5.83,11.4,Kha
SV1115,Ho Bich Uyen,23DTH1D,5.18,4.83,6.72,5.58,4.2,Kha
SV1116,Huynh Thu Trang,23DTH2A,7.51,6.43,7.2,7.05,30.7,Gioi
SV1117,Vu Thuy Hoa,23DTH2B,6.03,3.96,4.2,4.73,18.7,Trung binh
SV1118,Phan Thi An,23DTH2C,6.43,6.69,6.9,6.67,14.3,Kha
SV1119,Ho Thu Chi,23DTH2D,5.73,6.82,6.86,6.47,14.0,Kha
SV1120,Duong Anh Viet,23DTH1A,7.42,7.57,7.93,7.64,17.4,Gioi
SV1121,Dang Thi Giang,23DTH1B,7.01,7.4,7.93,7.45,14.6,Gioi
SV1122,Phan Thu Mai,23DTH1C,9.26,7.18,8.0,8.15,8.6,Gioi
SV1123,Vu Ngoc Mai,23DTH1D,4.48,6.28,4.98,5.25,0,Trung binh
SV1124,Vu Bich Mai,23DTH2A,7.6,7.67,8.2,7.82,0,Gioi
SV1125,Do Lan Mai,23DTH2B,4.71,4.55,4.69,4.65,5.7,Trung binh
SV1126,Le Huong Yen,23DTH2C,6.68,7.1,6.8,6.86,20.5,Kha
SV1127,Bui My Binh,23DTH2D,8.63,7.27,7.5,7.8,7.2,Gioi
SV1128,Huynh Lan Trang,23DTH1A,6.39,6.1,5.47,5.99,0,Kha
SV1129,Nguyen Thuy Quyen,23DTH1B,8.53,9.42,9.8,9.25,13.0,Xuat sac
SV1130,Duong Duc Phong,23DTH1C,7.42,7.41,7.74,7.52,0,Gioi
SV1131,Huynh Anh Giang,23DTH1D,6.16,6.13,5.9,6.06,26.4,Kha
SV1132,Do Thi Nhi,23DTH2A,3.2,3.54,4.83,3.86,13.3,Yeu
SV1133,Le Duc Dung,23DTH2B,5.62,6.95,6.58,6.38,3.0,Kha
SV1134,Huynh Lan Nga,23DTH2C,7.24,8.65,7.96,7.95,0,Gioi
SV1135,Le Duc Khoa,23DTH2D,8.47,8.18,8.01,8.22,0,Gioi
SV1136,Pham Anh Minh,23DTH1A,8.14,8.89,8.33,8.45,4.0,Gioi
SV1137,Ho Duc Quan,23DTH1B,6.55,6.17,6.44,6.39,0,Kha
SV1138,Phan Anh Phong,23DTH1C,6.64,6.7,6.9,6.75,14.2,Kha
SV1139,Hoang Van Giang,23DTH1D,6.48,6.89,7.27,6.88,0,Kha
SV1140,Nguyen Ngoc Lan,23DTH2A,7.55,5.91,6.03,6.5,10.4,Kha
SV1141,Phan Gia Tuan,23DTH2B,7.42,7.38,7.38,7.39,1.8,Gioi
SV1142,Tran Quoc Minh,23DTH2C,6.42,6.54,7.13,6.7,10.8,Kha
SV1143,Vu Quoc Minh,23DTH2D,6.99,6.24,7.74,6.99,9.1,Kha
SV1144,Vu Hoang Nam,23DTH1A,2.65,3.57,3.28,3.17,12.2,Yeu
SV1145,Dang Thi Ha,23DTH1B,3.89,3.77,3.73,3.8,2.3,Yeu
SV1146,Vu Huong Nhi,23DTH1C,9.84,8.73,9.62,9.4,6.5,Xuat sac
SV1147,Vo Thi Oanh,23DTH1D,4.1,3.92,4.26,4.09,10.9,Trung binh
SV1148,Nguyen Gia Nam,23DTH2A,7.87,7.96,7.59,7.81,20.6,Gioi
SV1149,Nguyen Thu Yen,23DTH2B,5.47,6.27,6.31,6.02,13.0,Kha
SV1150,Le Kim Thao,23DTH2C,6.92,7.01,7.27,7.07,0,Gioi
SV1151,Ho Trung Viet,23DTH2D,7.57,7.22,6.17,6.99,9.7,Kha
SV1152,Vu Hoang Nam,23DTH1A,6.66,7.58,8.02,7.42,2.4,Gioi
SV1153,Phan My Oanh,23DTH1B,8.56,8.05,8.23,8.28,9.2,Gioi
SV1154,Tran Lan Ha,23DTH1C,7.6,7.35,7.4,7.45,0,Gioi
SV1155,Nguyen Bich Hoa,23DTH1D,6.3,5.33,5.65,5.76,6.3,Kha
SV1156,Le Thanh Ha,23DTH2A,8.67,7.47,8.68,8.27,11.7,Gioi
SV1157,Tran Thuy An,23DTH2B,6.71,8.22,7.97,7.63,19.6,Gioi
SV1158,Tran Kim Binh,23DTH2C,6.49,7.18,5.44,6.37,15.3,Kha
SV1159,Pham Ngoc Linh,23DTH2D,6.89,8.17,7.01,7.36,10.5,Gioi
SV1160,Huynh Lan Hoa,23DTH1A,7.89,7.32,7.37,7.53,0.6,Gioi
SV1161,Ngo Lan Uyen,23DTH1B,8.55,8.08,8.61,8.41,0.6,Gioi
SV1162,Nguyen Huu Hung,23DTH1C,6.79,7.11,7.78,7.23,13.1,Gioi
SV1163,Tran Cong Quan,23DTH1D,7.57,7.22,8.02,7.6,0,Gioi
SV1164,Vo Ngoc Oanh,23DTH2A,5.21,5.86,4.94,5.34,0,Trung binh
SV1165,Duong Quoc Long,23DTH2B,6.41,6.32,5.26,6.0,1.1,Kha
SV1166,Ho Cong Khoa,23DTH2C,5.66,6.65,6.5,6.27,2.0,Kha
SV1167,Pham Quoc Phuc,23DTH2D,5.79,4.91,4.73,5.14,12.8,Trung binh
SV1168,Vo Hoang Tuan,23DTH1A,7.99,7.64,7.35,7.66,11.6,Gioi
SV1169,Vu Van An,23DTH1B,6.1,5.53,5.58,5.74,12.9,Kha
SV1170,Le Kim Linh,23DTH1C,7.4,8.38,9.8,8.53,7.9,Xuat sac
SV1171,Ngo Lan Lan,23DTH1D,9.56,9.41,10,9.66,0,Xuat sac
SV1172,Vu Anh Cuong,23DTH2A,6.63,6.86,7.26,6.92,15.9,Kha
SV1173,Pham Ngoc Hoa,23DTH2B,6.9,8.1,6.37,7.12,13.2,Gioi
SV1174,Hoang Cong Hung,23DTH2C,4.87,6.02,5.52,5.47,0,Trung binh
SV1175,Huynh Thuy An,23DTH2D,5.07,4.47,4.51,4.68,6.8,Trung binh
SV1176,Nguyen Anh Dat,23DTH1A,7.89,8.16,7.5,7.85,12.3,Gioi
SV1177,Huynh Huu Giang,23DTH1B,6.46,6.44,5.69,6.2,0,Kha
SV1178,Ho Kim Nga,23DTH1C,4.97,5.43,4.91,5.1,15.9,Trung binh
SV1179,Tran Thuy Van,23DTH1D,5.92,4.59,4.55,5.02,16.8,Trung binh
SV1180,Nguyen Huong Oanh,23DTH2A,4.46,4.25,4.21,4.31,0,Trung binh
SV1181,Le Thi Phuong,23DTH2B,6.93,5.47,6.55,6.32,8.2,Kha
SV1182,Tran Anh Tuan,23DTH2C,5.95,5.27,5.26,5.49,13.9,Trung binh
SV1183,Dang Thuy Phuong,23DTH2D,7.19,7.78,8.51,7.83,16.1,Gioi
SV1184,Huynh Hoang Viet,23DTH1A,6.21,6.46,6.17,6.28,12.2,Kha
SV1185,Dang Thuy Phuong,23DTH1B,6.7,6.3,7.15,6.72,12.2,Kha
SV1186,Dang Hoang Minh,23DTH1C,1.92,3.4,2.96,2.76,20.0,Yeu
SV1187,Vu My Hoa,23DTH1D,9.86,8.24,8.65,8.92,5.8,Xuat sac
SV1188,Huynh Thuy Trang,23DTH2A,6.92,6.73,5.93,6.53,15.5,Kha
SV1189,Nguyen Huu Thanh,23DTH2B,8.9,8.85,7.49,8.41,12.2,Gioi
SV1190,Vu Van Tuan,23DTH2C,5.29,6.31,7.23,6.28,18.7,Kha
SV1191,Tran Thanh Hoa,23DTH2D,5.71,5.59,6.07,5.79,13.7,Kha
SV1192,Nguyen Thi Thao,23DTH1A,6.85,7.11,7.71,7.22,8.9,Gioi
SV1193,Duong Trung Dat,23DTH1B,5.67,4.89,6.05,5.54,17.1,Kha
SV1194,Hoang Thi Linh,23DTH1C,7.5,7.91,7.34,7.58,20.0,Gioi
SV1195,Ho Hoang Phuc,23DTH1D,8.46,7.94,7.84,8.08,18.9,Gioi
SV1196,Huynh My An,23DTH2A,5.38,6.01,5.1,5.5,18.5,Kha
SV1197,Huynh Duc Cuong,23DTH2B,5.4,4.09,4.49,4.66,12.6,Trung binh
SV1198,Ho Hoang Phong,23DTH2C,7.3,7.89,8.07,7.75,3.8,Gioi
SV1199,Tran Gia An,23DTH2D,7.29,6.96,7.42,7.22,21.3,Gioi
SV1200,Dang Lan Lan,23DTH1A,8.34,10,8.58,8.97,8.0,Xuat sac
SV1201,Tran Bich Duyen,23DTH1B,6.07,4.93,5.79,5.6,8.8,Kha
SV1202,Tran Duc Nam,23DTH1C,3.44,4.24,3.83,3.84,17.0,Yeu
SV1203,Pham Hoang Dung,23DTH1D,6.53,4.83,5.86,5.74,12.9,Kha
SV1204,Phan Duc Binh,23DTH2A,4.72,3.89,4.46,4.36,8.3,Trung binh
SV1205,Le Trung Quan,23DTH2B,9.31,8.48,8.26,8.68,0,Xuat sac
SV1206,Hoang Minh Khoa,23DTH2C,4.91,6.69,5.27,5.62,6.4,Kha
SV1207,Pham My Giang,23DTH2D,5.18,4.54,5.41,5.04,0,Trung binh
SV1208,Tran Hoang Quan,23DTH1A,7.31,6.25,6.33,6.63,10.4,Kha
SV1209,Ngo Ngoc Chi,23DTH1B,9.34,9.39,7.82,8.85,11.2,Xuat sac
SV1210,Phan My Linh,23DTH1C,6.85,7.91,6.99,7.25,1.3,Gioi
SV1211,Ho Trung Thanh,23DTH1D,6.7,7.68,6.63,7.0,2.8,Gioi
SV1212,Dang Thuy Yen,23DTH2A,6.81,6.96,7.54,7.1,15.6,Gioi
SV1213,Huynh Anh Thanh,23DTH2B,5.8,5.97,5.6,5.79,10.2,Kha
SV1214,Phan Duc Thanh,23DTH2C,8.62,9.47,8.72,8.94,1.0,Xuat sac
SV1215,Duong Quoc An,23DTH2D,7.78,8.13,7.97,7.96,3.7,Gioi
SV1216,Vu My Chi,23DTH1A,5.99,6.0,5.0,5.66,7.4,Kha
SV1217,Nguyen Thu Van,23DTH1B,7.21,6.7,7.08,7.0,0.3,Gioi
SV1218,Ngo Ngoc Ha,23DTH1C,5.22,5.62,6.52,5.79,13.4,Kha
SV1219,Tran Thi An,23DTH1D,6.47,7.16,7.88,7.17,18.0,Gioi
SV1220,Vo Cong Phuc,23DTH2A,6.13,6.15,6.2,6.16,18.6,Kha
SV1221,Do Huu Viet,23DTH2B,3.72,3.52,4.81,4.02,0.8,Trung binh
SV1222,Tran Kim Yen,23DTH2C,7.07,6.14,6.05,6.42,16.1,Kha
SV1223,Huynh Hoang Binh,23DTH2D,8.2,7.39,7.53,7.71,4.5,Gioi
SV1224,Dang Thanh Nhi,23DTH1A,4.96,5.68,5.51,5.38,9.2,Trung binh
SV1225,Le Thuy Lan,23DTH1B,4.91,4.65,3.36,4.31,13.5,Trung binh
SV1226,Ho My An,23DTH1C,6.7,6.95,7.2,6.95,18.1,Kha
SV1227,Dang Thuy Oanh,23DTH1D,7.79,8.33,7.84,7.99,11.6,Gioi
SV1228,Nguyen Gia Tuan,23DTH2A,7.54,5.91,4.62,6.02,22.3,Kha
SV1229,Dang Hoang Dat,23DTH2B,6.01,6.85,4.87,5.91,16.6,Kha
SV1230,Huynh Trung Binh,23DTH2C,4.66,5.97,4.87,5.17,9.5,Trung binh
SV1231,Do Thanh Van,23DTH2D,7.34,7.68,5.87,6.96,0,Kha
SV1232,Phan Hoang Long,23DTH1A,9.14,8.34,8.24,8.57,9.3,Xuat sac
SV1233,Le Thanh Duyen,23DTH1B,4.62,4.13,4.17,4.31,1.4,Trung binh
SV1234,Duong Thuy Nga,23DTH1C,5.87,6.24,6.17,6.09,24.2,Kha
SV1235,Pham Hoang Viet,23DTH1D,5.17,5.78,6.05,5.67,8.1,Kha
SV1236,Ngo Trung Son,23DTH2A,2.47,2.48,3.84,2.93,15.2,Yeu
SV1237,Bui Huong Trang,23DTH2B,8.21,7.87,7.41,7.83,4.7,Gioi
SV1238,Ho Huong Thao,23DTH2C,7.45,8.46,8.77,8.23,7.9,Gioi
SV1239,Vo Thuy Nga,23DTH2D,7.89,6.75,7.85,7.5,8.8,Gioi
SV1240,Vu Ngoc Linh,23DTH1A,7.79,8.15,7.0,7.65,8.4,Gioi
SV1241,Phan Huu Khang,23DTH1B,7.91,7.96,7.83,7.9,27.1,Gioi
SV1242,Vu Bich Yen,23DTH1C,6.38,6.12,6.58,6.36,11.4,Kha
SV1243,Nguyen Thuy Nhi,23DTH1D,6.14,4.67,5.94,5.58,6.4,Kha
SV1244,Ho Huu Khoa,23DTH2A,6.48,6.79,8.13,7.13,18.7,Gioi
SV1245,Tran Thanh Linh,23DTH2B,5.45,6.62,6.83,6.3,23.7,Kha
SV1246,Nguyen Thanh Phuong,23DTH2C,6.39,6.9,8.16,7.15,25.4,Gioi
SV1247,Dang My Thao,23DTH2D,7.74,9.37,9.15,8.75,1.5,Xuat sac
SV1248,Nguyen Cong Phong,23DTH1A,7.09,5.64,5.79,6.17,23.7,Kha
SV1249,Ho Bich Van,23DTH1B,7.56,7.98,7.79,7.78,6.1,Gioi
SV1250,Vo Thanh Mai,23DTH1C,7.47,7.96,7.34,7.59,0,Gioi
SV1251,Nguyen Hoang Hai,23DTH1D,7.23,6.62,6.15,6.67,14.4,Kha
SV1252,Nguyen Huong Thao,23DTH2A,4.35,4.53,5.42,4.77,0,Trung binh
SV1253,Tran Huu Cuong,23DTH2B,6.99,6.26,6.5,6.58,15.7,Kha
SV1254,Pham Kim Ha,23DTH2C,5.84,6.67,7.13,6.55,0.7,Kha
SV1255,Bui Minh Long,23DTH2D,8.1,8.25,7.74,8.03,14.9,Gioi
SV1256,Vu Lan Uyen,23DTH1A,6.03,5.59,7.97,6.53,9.7,Kha
SV1257,Phan Lan Thao,23DTH1B,6.35,5.61,6.58,6.18,5.3,Kha
SV1258,Pham Minh Phong,23DTH1C,7.82,7.85,7.8,7.82,17.6,Gioi
SV1259,Bui Kim Chi,23DTH1D,7.96,7.63,7.74,7.78,6.2,Gioi
SV1260,Phan Thanh Thao,23DTH2A,6.58,6.08,6.74,6.47,23.7,Kha
SV1261,Pham Minh Viet,23DTH2B,8.53,7.94,7.19,7.89,13.0,Gioi
SV1262,Dang Anh Khoa,23DTH2C,4.62,4.93,4.54,4.7,0,Trung binh
SV1263,Hoang Thi Yen,23DTH2D,8.07,9.06,7.45,8.19,4.5,Gioi
SV1264,Duong Lan Phuong,23DTH1A,4.74,5.88,5.53,5.38,11.5,Trung binh
SV1265,Bui Anh Giang,23DTH1B,8.07,7.16,7.46,7.56,0,Gioi
SV1266,Bui Gia Tuan,23DTH1C,7.36,5.97,8.18,7.17,0,Gioi
SV1267,Ho Thu Linh,23DTH1D,3.39,3.43,4.76,3.86,15.2,Yeu
SV1268,Bui Ngoc Nhi,23DTH2A,3.33,3.11,2.85,3.1,0,Yeu
SV1269,Duong Thuy Chi,23DTH2B,4.06,4.04,3.6,3.9,3.1,Yeu
SV1270,Bui Huong Hoa,23DTH2C,5.48,5.14,5.12,5.25,14.8,Trung binh
SV1271,Huynh Bich Van,23DTH2D,3.0,2.17,2.61,2.59,12.3,Yeu
SV1272,Dang Ngoc Hoa,23DTH1A,8.2,7.63,6.41,7.41,14.6,Gioi
SV1273,Dang Cong Viet,23DTH1B,6.83,6.51,6.81,6.72,6.3,Kha
SV1274,Ngo Ngoc Lan,23DTH1C,8.28,7.85,9.12,8.42,11.7,Gioi
SV1275,Le Anh Hai,23DTH1D,6.35,6.3,5.49,6.05,0,Kha
SV1276,Pham Thi Mai,23DTH2A,7.07,8.09,7.96,7.71,1.7,Gioi
SV1277,Nguyen Hoang Thanh,23DTH2B,3.87,2.93,4.11,3.64,3.7,Yeu
SV1278,Ho Quoc Viet,23DTH2C,8.74,9.14,9.88,9.25,0,Xuat sac
SV1279,Do Thuy Chi,23DTH2D,6.35,4.85,5.5,5.57,5.0,Kha
SV1280,Do Thuy Oanh,23DTH1A,6.23,7.0,5.81,6.35,0,Kha
SV1281,Le Lan Lan,23DTH1B,7.49,8.71,7.97,8.06,9.8,Gioi
SV1282,Vu Quoc Giang,23DTH1C,5.67,5.12,5.21,5.33,8.2,Trung binh
SV1283,Bui Bich Trang,23DTH1D,6.33,6.27,6.1,6.23,18.5,Kha
SV1284,Duong Minh Giang,23DTH2A,7.69,5.93,5.18,6.27,26.4,Kha
SV1285,Dang Duc Minh,23DTH2B,4.17,3.99,4.94,4.37,17.9,Trung binh
SV1286,Le My Hoa,23DTH2C,6.85,8.41,7.6,7.62,0,Gioi
SV1287,Hoang Van Khang,23DTH2D,6.1,5.84,6.63,6.19,8.3,Kha
SV1288,Ho My Giang,23DTH1A,9.78,8.81,9.21,9.27,4.8,Xuat sac
SV1289,Hoang Cong Hung,23DTH1B,8.56,9.15,7.84,8.52,8.6,Xuat sac
SV1290,Phan Duc Khoa,23DTH1C,7.38,6.97,6.01,6.79,26.3,Kha
SV1291,Ngo Quoc Son,23DTH1D,7.78,8.01,8.22,8.0,0,Gioi
SV1292,Huynh Minh Viet,23DTH2A,3.09,3.16,3.67,3.31,15.1,Yeu
SV1293,Phan Kim Giang,23DTH2B,10,9.1,10,9.7,1.8,Xuat sac
SV1294,Nguyen Van Dung,23DTH2C,4.9,4.05,4.57,4.51,11.4,Trung binh
SV1295,Vo Van Viet,23DTH2D,5.85,5.6,6.9,6.12,5.8,Kha
SV1296,Nguyen Van Son,23DTH1A,6.5,6.69,7.19,6.79,20.4,Kha
SV1297,Duong Anh Son,23DTH1B,9.43,9.84,9.57,9.61,9.2,Xuat sac
SV1298,Ho Duc Nam,23DTH1C,5.84,4.68,5.3,5.27,11.0,Trung binh
SV1299,Tran Minh Khang,23DTH1D,9.94,9.57,8.72,9.41,1.4,Xuat sac
SV1300,Vo Kim Uyen,23DTH2A,8.15,8.34,6.35,7.61,10.7,Gioi
SV1301,Pham Ngoc Giang,23DTH2B,6.94,6.88,7.48,7.1,25.2,Gioi
SV1302,Bui Minh Dat,23DTH2C,3.99,1.44,2.3,2.58,8.4,Yeu
SV1303,Le Trung Son,23DTH2D,6.27,7.59,6.68,6.85,2.9,Kha
SV1304,Dang Trung Minh,23DTH1A,4.72,4.05,4.33,4.37,13.5,Trung binh
SV1305,Bui Minh Tuan,23DTH1B,4.16,6.61,5.55,5.44,16.8,Trung binh
SV1306,Dang Bich Duyen,23DTH1C,9.49,9.54,9.34,9.46,8.1,Xuat sac
SV1307,Huynh My Giang,23DTH1D,3.14,3.14,4.42,3.57,10.3,Yeu
SV1308,Le Thuy Trang,23DTH2A,6.12,7.74,7.64,7.17,7.2,Gioi
SV1309,Vo Anh Tuan,23DTH2B,6.98,6.92,6.69,6.86,21.2,Kha
SV1310,Ngo Ngoc Nga,23DTH2C,5.95,6.04,7.0,6.33,0.9,Kha
SV1311,Bui Kim Nga,23DTH2D,3.27,3.63,2.47,3.12,22.9,Yeu
SV1312,Le Thuy Nga,23DTH1A,7.66,7.76,7.43,7.62,21.2,Gioi
SV1313,Pham My Trang,23DTH1B,5.55,6.62,6.45,6.21,0,Kha
SV1314,Vu Thuy Phuong,23DTH1C,5.18,6.85,5.08,5.7,0,Kha
SV1315,Dang Gia Tuan,23DTH1D,3.06,3.66,3.4,3.37,7.9,Yeu
SV1316,Le Thuy Binh,23DTH2A,7.83,8.9,7.8,8.18,9.0,Gioi
SV1317,Ho Lan Trang,23DTH2B,3.68,2.22,2.94,2.95,13.7,Yeu
SV1318,Tran Duc Hung,23DTH2C,6.7,6.82,7.0,6.84,8.9,Kha
SV1319,Bui Hoang Thanh,23DTH2D,7.32,7.72,8.51,7.85,5.8,Gioi
SV1320,Pham Thu Lan,23DTH1A,5.67,5.73,5.33,5.58,10.3,Kha
SV1321,Ngo Quoc Phuc,23DTH1B,6.58,6.26,6.14,6.33,16.4,Kha
SV1322,Dang Van Tuan,23DTH1C,6.08,7.4,7.11,6.86,1.0,Kha
SV1323,Nguyen Cong An,23DTH1D,8.34,8.65,8.75,8.58,10.4,Xuat sac
SV1324,Ho Ngoc Nhi,23DTH2A,5.51,6.11,5.34,5.65,17.3,Kha
SV1325,Tran Ngoc Chi,23DTH2B,5.18,5.33,5.16,5.22,10.4,Trung binh
SV1326,Do Ngoc Nhi,23DTH2C,6.1,4.8,5.72,5.54,6.7,Kha
SV1327,Duong Trung Long,23DTH2D,9.29,9.44,8.24,8.99,0,Xuat sac
SV1328,Do Anh An,23DTH1A,6.67,7.38,7.7,7.25,1.6,Gioi
SV1329,Duong Thi Phuong,23DTH1B,7.52,7.23,8.13,7.63,10.8,Gioi
SV1330,Vo Thu Nga,23DTH1C,7.63,7.77,8.26,7.89,0,Gioi
SV1331,Ho Van Dat,23DTH1D,6.58,6.52,6.89,6.66,18.4,Kha
SV1332,Ngo Duc Nam,23DTH2A,6.58,7.09,6.98,6.88,16.4,Kha
SV1333,Huynh Kim Oanh,23DTH2B,5.88,6.44,6.92,6.41,26.3,Kha
SV1334,Tran Van Khang,23DTH2C,9.55,9.47,9.49,9.5,5.8,Xuat sac
SV1335,Ho Kim Duyen,23DTH2D,9.26,9.83,10,9.7,0,Xuat sac
SV1336,Nguyen Lan Yen,23DTH1A,6.99,7.14,7.53,7.22,5.2,Gioi
SV1337,Pham Duc Giang,23DTH1B,8.49,8.18,7.76,8.14,17.5,Gioi
SV1338,Le Kim Chi,23DTH1C,3.76,5.08,6.13,4.99,22.6,Trung binh
SV1339,Nguyen My Oanh,23DTH1D,6.44,6.9,7.32,6.89,12.1,Kha
SV1340,Bui Quoc Khang,23DTH2A,7.1,8.08,6.11,7.1,6.7,Gioi
SV1341,Vo Thanh Binh,23DTH2B,6.3,6.93,5.64,6.29,12.1,Kha
SV1342,Duong Huong Duyen,23DTH2C,6.76,6.26,5.66,6.23,28.0,Kha
SV1343,Nguyen Trung An,23DTH2D,9.02,8.66,7.61,8.43,13.7,Gioi
SV1344,Phan Trung Giang,23DTH1A,5.64,6.1,5.31,5.68,21.3,Kha
SV1345,Tran Anh An,23DTH1B,6.04,5.16,5.86,5.69,13.9,Kha
SV1346,Dang Minh Binh,23DTH1C,7.44,7.8,6.53,7.26,6.0,Gioi
SV1347,Nguyen Anh Thanh,23DTH1D,4.51,4.74,5.27,4.84,1.0,Trung binh
SV1348,Vo Quoc Binh,23DTH2A,6.04,6.2,6.0,6.08,16.2,Kha
SV1349,Phan Thi Binh,23DTH2B,4.64,4.14,4.75,4.51,6.5,Trung binh
SV1350,Vo Thanh Yen,23DTH2C,9.68,8.18,8.68,8.85,13.3,Xuat sac
SV1351,Ho Huong Duyen,23DTH2D,4.23,5.03,4.97,4.74,1.7,Trung binh
SV1352,Nguyen Huong Linh,23DTH1A,7.41,6.2,6.44,6.68,1.4,Kha
SV1353,Ngo Van Thanh,23DTH1B,8.12,7.47,7.74,7.78,17.5,Gioi
SV1354,Vo Huong Nhi,23DTH1C,5.33,4.6,6.61,5.51,11.3,Kha
SV1355,Nguyen Thu Chi,23DTH1D,7.68,7.98,9.2,8.29,9.7,Gioi
SV1356,Bui Thanh Mai,23DTH2A,6.46,6.69,5.22,6.12,23.8,Kha
SV1357,Le Duc An,23DTH2B,8.22,8.96,7.89,8.36,7.7,Gioi
SV1358,Hoang Duc Phong,23DTH2C,6.97,8.23,6.53,7.24,16.1,Gioi
SV1359,Ngo Thuy Giang,23DTH2D,4.2,3.43,4.08,3.9,0,Yeu
SV1360,Nguyen Kim Yen,23DTH1A,5.64,5.92,5.37,5.64,13.0,Kha
SV1361,Le Gia Minh,23DTH1B,7.66,8.3,7.87,7.94,5.9,Gioi
SV1362,Phan Ngoc Binh,23DTH1C,9.23,8.61,8.64,8.83,0,Xuat sac
SV1363,Pham Quoc Quan,23DTH1D,6.4,5.78,7.0,6.39,22.5,Kha
SV1364,Duong Kim Nga,23DTH2A,7.79,7.59,6.72,7.37,0,Gioi
SV1365,Ho Kim Hoa,23DTH2B,8.15,8.38,8.17,8.23,10.1,Gioi
SV1366,Vu Ngoc Yen,23DTH2C,7.02,5.75,5.77,6.18,14.6,Kha
SV1367,Le Thi Nhi,23DTH2D,5.71,6.06,6.07,5.95,8.1,Kha
SV1368,Vu Bich An,23DTH1A,3.66,2.84,2.21,2.9,12.3,Yeu
SV1369,Nguyen Ngoc Van,23DTH1B,6.98,6.04,7.41,6.81,8.8,Kha
SV1370,Bui Van Binh,23DTH1C,5.61,6.51,7.08,6.4,2.0,Kha
SV1371,Tran Duc Khang,23DTH1D,6.73,7.59,8.43,7.58,12.6,Gioi
SV1372,Duong Gia Cuong,23DTH2A,6.53,5.85,5.68,6.02,21.2,Kha
SV1373,Tran Anh Cuong,23DTH2B,7.33,5.96,5.79,6.36,0,Kha
SV1374,Vu Kim Nga,23DTH2C,8.78,9.37,8.36,8.84,14.0,Xuat sac
SV1375,Hoang Huong Thao,23DTH2D,5.06,4.07,4.77,4.63,12.3,Trung binh
SV1376,Phan Trung Phuc,23DTH1A,7.82,6.54,6.62,6.99,0,Kha
SV1377,Phan Kim Lan,23DTH1B,6.88,6.52,6.1,6.5,15.0,Kha
SV1378,Pham Huu Nam,23DTH1C,6.6,6.08,5.98,6.22,13.2,Kha
SV1379,Ngo Thu Ha,23DTH1D,7.66,5.46,6.98,6.7,5.0,Kha
SV1380,Ho Lan Lan,23DTH2A,6.33,6.57,6.88,6.59,0,Kha
SV1381,Vu Huong Thao,23DTH2B,5.49,5.97,5.23,5.56,23.1,Kha
SV1382,Do Thuy Oanh,23DTH2C,5.71,5.28,3.79,4.93,4.9,Trung binh
SV1383,Bui Ngoc Duyen,23DTH2D,5.1,5.91,6.31,5.77,7.9,Kha
SV1384,Dang Huong Quyen,23DTH1A,5.97,6.67,6.36,6.33,0,Kha
SV1385,Do Van Dung,23DTH1B,8.6,8.05,7.84,8.16,10.6,Gioi
SV1386,Pham Ngoc Yen,23DTH1C,7.97,8.93,7.49,8.13,2.7,Gioi
SV1387,Pham Huu An,23DTH1D,4.63,4.47,3.91,4.34,12.8,Trung binh
SV1388,Do Huu Khoa,23DTH2A,8.21,7.98,7.18,7.79,0.0,Gioi
SV1389,Bui Cong Binh,23DTH2B,8.94,8.81,9.14,8.96,18.6,Xuat sac
SV1390,Vo Gia Dat,23DTH2C,4.96,6.11,4.03,5.03,14.2,Trung binh
SV1391,Bui Gia Dat,23DTH2D,9.09,8.42,9.3,8.94,6.7,Xuat sac
SV1392,Vu Huong Lan,23DTH1A,8.9,9.92,7.71,8.84,9.3,Xuat sac
SV1393,Phan Lan Duyen,23DTH1B,6.82,5.18,5.88,5.96,22.7,Kha
SV1394,Pham My Giang,23DTH1C,4.79,5.17,4.66,4.87,17.3,Trung binh
SV1395,Vu Quoc Phuc,23DTH1D,5.75,6.54,6.03,6.11,2.0,Kha
SV1396,Nguyen Thanh Trang,23DTH2A,5.59,6.69,6.26,6.18,12.3,Kha
SV1397,Ngo Van Hai,23DTH2B,8.36,8.14,7.96,8.15,20.6,Gioi
SV1398,Dang Huong Nga,23DTH2C,8.71,9.22,8.17,8.7,0,Xuat sac
SV1399,Ho Kim Nga,23DTH2D,4.24,4.54,5.11,4.63,9.4,Trung binh
SV1400,Ho Trung Phong,23DTH1A,7.13,8.03,7.28,7.48,9.9,Gioi
SV1401,Huynh Thi Uyen,23DTH1B,6.78,5.88,6.2,6.29,20.6,Kha
SV1402,Vu Kim Nga,23DTH1C,8.25,7.42,6.7,7.46,18.1,Gioi
SV1403,Nguyen Thanh Quyen,23DTH1D,6.14,4.34,5.15,5.21,4.2,Trung binh
SV1404,Bui Quoc Minh,23DTH2A,5.64,6.4,6.76,6.27,4.8,Kha
SV1405,Vo My Oanh,23DTH2B,5.69,5.99,6.55,6.08,19.3,Kha
SV1406,Ngo Cong Tuan,23DTH2C,6.2,6.2,6.61,6.34,0,Kha
SV1407,Ngo Gia Son,23DTH2D,7.91,9.79,7.4,8.37,1.3,Gioi
SV1408,Pham Trung Khoa,23DTH1A,4.05,4.54,4.93,4.51,11.9,Trung binh
SV1409,Le Kim An,23DTH1B,7.98,7.37,8.26,7.87,5.2,Gioi
SV1410,Vu Lan Hoa,23DTH1C,6.73,7.21,6.43,6.79,0,Kha
SV1411,Duong Bich Lan,23DTH1D,8.69,7.79,8.41,8.3,22.2,Gioi
SV1412,Dang Anh Binh,23DTH2A,5.5,6.19,5.9,5.86,12.1,Kha
SV1413,Pham Ngoc Van,23DTH2B,7.84,7.11,8.03,7.66,3.2,Gioi
SV1414,Duong Hoang An,23DTH2C,8.73,9.51,9.93,9.39,11.3,Xuat sac
SV1415,Bui Bich An,23DTH2D,9.81,9.47,9.43,9.57,7.6,Xuat sac
SV1416,Dang Minh Cuong,23DTH1A,7.35,7.41,6.51,7.09,0,Gioi
SV1417,Tran Cong An,23DTH1B,7.43,7.24,8.33,7.67,16.4,Gioi
SV1418,Vu Van Khang,23DTH1C,6.97,5.15,7.21,6.44,6.0,Kha
SV1419,Do Quoc Cuong,23DTH1D,6.19,7.52,7.72,7.14,19.5,Gioi
SV1420,Duong Kim Linh,23DTH2A,5.53,6.47,5.58,5.86,5.1,Kha
SV1421,Le Ngoc Linh,23DTH2B,8.91,9.26,9.23,9.13,2.4,Xuat sac
SV1422,Ho Trung Hung,23DTH2C,4.05,3.77,3.64,3.82,20.5,Yeu
SV1423,Nguyen Gia Nam,23DTH2D,6.42,6.57,6.05,6.35,17.6,Kha
SV1424,Nguyen Cong Nam,23DTH1A,6.21,5.96,5.45,5.87,7.3,Kha
SV1425,Vu Quoc Minh,23DTH1B,7.11,7.31,7.75,7.39,10.6,Gioi
SV1426,Phan Thuy Hoa,23DTH1C,6.59,6.73,7.98,7.1,6.6,Gioi
SV1427,Duong Thi Giang,23DTH1D,6.79,7.2,6.01,6.67,7.7,Kha
SV1428,Ho Ngoc Nga,23DTH2A,4.78,5.04,5.43,5.08,16.2,Trung binh
SV1429,Bui Thu Mai,23DTH2B,5.07,4.95,6.07,5.36,7.3,Trung binh
SV1430,Pham Kim Mai,23DTH2C,7.78,8.01,7.06,7.62,19.8,Gioi
SV1431,Dang Huong Giang,23DTH2D,7.97,9.13,8.04,8.38,12.2,Gioi
SV1432,Huynh Duc Viet,23DTH1A,6.86,5.15,4.89,5.63,23.4,Kha
SV1433,Ho Van Thanh,23DTH1B,4.15,4.99,5.84,4.99,2.5,Trung binh
SV1434,Vo Duc Hai,23DTH1C,8.58,5.8,7.1,7.16,12.4,Gioi
SV1435,Phan Van Minh,23DTH1D,7.84,8.58,7.55,7.99,9.4,Gioi
SV1436,Do Huu Cuong,23DTH2A,6.15,5.65,6.05,5.95,19.1,Kha
SV1437,Vo Huong An,23DTH2B,7.05,8.22,8.37,7.88,0.6,Gioi
SV1438,Do Huu Giang,23DTH2C,7.12,8.28,8.48,7.96,6.4,Gioi
SV1439,Nguyen Thi An,23DTH2D,7.07,7.45,8.38,7.63,11.5,Gioi
SV1440,Duong Cong Phong,23DTH1A,7.1,7.39,6.96,7.15,3.5,Gioi
SV1441,Vo Duc Minh,23DTH1B,5.89,6.15,6.51,6.18,17.0,Kha
SV1442,Pham Bich Trang,23DTH1C,5.45,6.29,6.09,5.94,0,Kha
SV1443,Tran Thi Yen,23DTH1D,8.18,8.15,7.85,8.06,0,Gioi
SV1444,Pham Thi Linh,23DTH2A,7.05,5.4,6.69,6.38,21.2,Kha
SV1445,Bui Kim Oanh,23DTH2B,6.87,7.27,7.78,7.31,19.4,Gioi
SV1446,Vo Huong Oanh,23DTH2C,6.41,7.15,7.65,7.07,6.4,Gioi
SV1447,Le Ngoc Lan,23DTH2D,6.06,6.77,5.72,6.18,14.1,Kha
SV1448,Vo Lan Van,23DTH1A,8.2,9.43,9.38,9.0,12.2,Xuat sac
SV1449,Nguyen Trung Phuc,23DTH1B,7.93,7.03,7.36,7.44,4.9,Gioi
SV1450,Ho Trung Nam,23DTH1C,3.42,3.54,4.49,3.82,23.0,Yeu
SV1451,Do Minh Dat,23DTH1D,5.88,4.88,5.35,5.37,10.2,Trung binh
SV1452,Do Huu Giang,23DTH2A,8.28,8.3,7.16,7.91,5.3,Gioi
SV1453,Ngo Lan Quyen,23DTH2B,9.31,8.33,7.51,8.38,0,Gioi
SV1454,Ngo Huu Dat,23DTH2C,5.47,5.21,4.85,5.18,14.9,Trung binh
SV1455,Huynh Hoang Thanh,23DTH2D,6.63,6.97,7.94,7.18,0,Gioi
SV1456,Vu Anh Son,23DTH1A,8.39,9.79,8.81,9.0,14.8,Xuat sac
SV1457,Nguyen Van Binh,23DTH1B,7.38,6.77,7.06,7.07,0.9,Gioi
SV1458,Phan My Lan,23DTH1C,5.92,5.1,5.89,5.64,12.5,Kha
SV1459,Le My Mai,23DTH1D,8.46,8.45,7.56,8.16,21.8,Gioi
SV1460,Do Cong Phuc,23DTH2A,3.61,2.88,3.33,3.27,21.3,Yeu
SV1461,Phan Huu Binh,23DTH2B,8.84,8.32,7.8,8.32,6.6,Gioi
SV1462,Ho Anh Son,23DTH2C,8.0,8.37,7.99,8.12,17.6,Gioi
SV1463,Dang Kim Quyen,23DTH2D,4.29,4.15,4.57,4.34,16.1,Trung binh
SV1464,Duong My Thao,23DTH1A,6.82,7.05,7.58,7.15,21.3,Gioi
SV1465,Dang Kim Van,23DTH1B,9.87,9.17,9.18,9.41,3.3,Xuat sac
SV1466,Ho Thuy Linh,23DTH1C,4.1,4.55,3.4,4.02,8.3,Trung binh
SV1467,Pham Anh Hai,23DTH1D,6.8,8.0,7.35,7.38,8.4,Gioi
SV1468,Vo Bich Ha,23DTH2A,4.15,3.15,4.51,3.94,19.6,Yeu
SV1469,Dang Duc Cuong,23DTH2B,6.7,6.59,6.75,6.68,7.3,Kha
SV1470,Huynh My Mai,23DTH2C,8.68,8.39,8.67,8.58,12.0,Xuat sac
SV1471,Ngo Bich Lan,23DTH2D,9.51,8.33,7.98,8.61,12.8,Xuat sac
SV1472,Duong Huu Tuan,23DTH1A,5.76,6.03,5.13,5.64,17.5,Kha
SV1473,Le Huu An,23DTH1B,4.5,5.06,6.34,5.3,32.8,Trung binh
SV1474,Le Huong Lan,23DTH1C,5.64,4.92,6.69,5.75,10.7,Kha
SV1475,Huynh Quoc Khoa,23DTH1D,8.99,8.38,8.75,8.71,21.4,Xuat sac
SV1476,Duong Trung Khoa,23DTH2A,4.51,6.04,6.1,5.55,3.3,Kha
SV1477,Ho Trung Quan,23DTH2B,4.51,5.08,6.47,5.35,13.1,Trung binh
SV1478,Ngo My Duyen,23DTH2C,7.63,6.22,6.95,6.93,9.0,Kha
SV1479,Dang Ngoc Trang,23DTH2D,6.32,6.33,5.35,6.0,6.7,Kha
SV1480,Pham Huu Cuong,23DTH1A,6.83,5.73,6.59,6.38,18.4,Kha
SV1481,Duong Kim An,23DTH1B,5.14,4.53,5.67,5.11,1.3,Trung binh
SV1482,Phan Lan Mai,23DTH1C,8.44,8.05,7.53,8.01,10.4,Gioi
SV1483,Phan Minh Thanh,23DTH1D,9.27,8.93,8.9,9.03,0,Xuat sac
SV1484,Nguyen Huu Quan,23DTH2A,6.27,6.43,6.33,6.34,12.6,Kha
SV1485,Pham Duc Dung,23DTH2B,8.0,9.91,8.21,8.71,3.2,Xuat sac
SV1486,Nguyen Gia Hai,23DTH2C,6.12,5.83,5.6,5.85,5.1,Kha
SV1487,Ho Quoc Quan,23DTH2D,6.11,5.25,4.9,5.42,14.0,Trung binh
SV1488,Hoang Thanh Linh,23DTH1A,5.68,7.07,5.89,6.21,6.1,Kha
SV1489,Vo Thu Mai,23DTH1B,5.85,6.55,5.37,5.92,14.6,Kha
SV1490,Hoang Thi Chi,23DTH1C,7.82,8.37,8.34,8.18,10.0,Gioi
SV1491,Bui Trung Thanh,23DTH1D,5.13,5.64,6.54,5.77,17.0,Kha
SV1492,Le Thi Giang,23DTH2A,7.57,6.35,6.49,6.8,2.0,Kha
SV1493,Huynh Gia Minh,23DTH2B,7.22,6.78,7.25,7.08,9.2,Gioi
SV1494,Huynh Lan Van,23DTH2C,8.49,9.96,8.98,9.14,0,Xuat sac
SV1495,Tran Thu Hoa,23DTH2D,8.11,8.78,8.18,8.36,18.8,Gioi
SV1496,Tran Trung Nam,23DTH1A,6.2,5.5,5.83,5.84,17.8,Kha
SV1497,Le Gia Khang,23DTH1B,6.51,6.2,7.15,6.62,12.9,Kha
SV1498,Ngo Thanh Yen,23DTH1C,5.9,6.41,5.19,5.83,0,Kha
SV1499,Bui Thi Mai,23DTH1D,6.38,6.41,6.48,6.42,0,Kha
SV1500,Hoang Hoang Phong,23DTH2A,2.33,2.6,3.12,2.68,11.3,Yeu
SV1501,Pham Van An,23DTH2B,8.66,7.7,7.77,8.04,3.6,Gioi
SV1502,Ngo My Trang,23DTH2C,6.78,6.91,6.87,6.85,25.9,Kha
SV1503,Vo Van Khang,23DTH2D,1.67,3.24,3.46,2.79,15.0,Yeu
SV1504,Duong Kim Ha,23DTH1A,6.37,6.65,6.65,6.56,9.3,Kha
SV1505,Huynh Thuy Mai,23DTH1B,7.08,7.26,7.54,7.29,22.6,Gioi
SV1506,Phan Kim Linh,23DTH1C,9.33,9.67,9.0,9.33,3.9,Xuat sac
SV1507,Duong Kim Phuong,23DTH1D,8.21,8.8,8.87,8.63,0,Xuat sac
SV1508,Phan Lan Trang,23DTH2A,7.22,7.26,5.9,6.79,4.0,Kha
SV1509,Vu Lan Chi,23DTH2B,10,8.03,9.32,9.12,0,Xuat sac
SV1510,Le Anh Quan,23DTH2C,4.92,6.0,5.69,5.54,5.8,Kha
SV1511,Nguyen Thanh Hoa,23DTH2D,7.66,6.97,6.26,6.96,9.0,Kha
SV1512,Do Anh Dung,23DTH1A,5.73,5.92,5.84,5.83,8.1,Kha
SV1513,Vu Cong Giang,23DTH1B,6.34,5.63,6.23,6.07,21.6,Kha
SV1514,Dang Thu Yen,23DTH1C,6.24,6.87,6.75,6.62,0,Kha
SV1515,Do Thi Hoa,23DTH1D,8.95,8.05,8.64,8.55,18.0,Xuat sac
SV1516,Ngo Bich Thao,23DTH2A,7.52,6.92,8.34,7.59,15.3,Gioi
SV1517,Duong Kim An,23DTH2B,8.36,8.92,10,9.09,8.1,Xuat sac
SV1518,Vo Ngoc Nga,23DTH2C,5.1,4.89,5.55,5.18,19.0,Trung binh
SV1519,Duong Huu Khang,23DTH2D,5.33,6.78,6.88,6.33,0,Kha
SV1520,Phan Van Khang,23DTH1A,8.04,8.88,9.57,8.83,0,Xuat sac
SV1521,Hoang Thi Thao,23DTH1B,7.37,6.0,6.83,6.73,12.8,Kha
SV1522,Vu My Quyen,23DTH1C,5.99,7.0,6.03,6.34,17.3,Kha
SV1523,Do Thanh Oanh,23DTH1D,4.71,5.54,4.55,4.93,20.1,Trung binh
SV1524,Tran Thanh Van,23DTH2A,6.26,6.8,7.37,6.81,4.1,Kha
SV1525,Pham Huong Phuong,23DTH2B,6.27,6.16,5.39,5.94,22.9,Kha
SV1526,Duong Thuy Hoa,23DTH2C,5.22,6.25,6.91,6.13,0,Kha
SV1527,Dang Huu Phuc,23DTH2D,7.4,6.07,6.37,6.61,0.7,Kha
SV1528,Ngo Lan Van,23DTH1A,8.56,8.23,7.57,8.12,8.2,Gioi
SV1529,Do Kim Binh,23DTH1B,4.1,4.36,6.21,4.89,16.8,Trung binh
SV1530,Pham Minh Son,23DTH1C,7.06,5.59,5.92,6.19,12.2,Kha
SV1531,Bui Thi Nhi,23DTH1D,7.15,8.24,7.61,7.67,2.9,Gioi
SV1532,Vu Kim Ha,23DTH2A,4.41,4.42,3.88,4.24,16.9,Trung binh
SV1533,Tran Huong Thao,23DTH2B,6.83,6.97,5.94,6.58,19.4,Kha
SV1534,Bui Trung Tuan,23DTH2C,7.82,7.76,6.44,7.34,9.7,Gioi
SV1535,Dang Huong Duyen,23DTH2D,6.53,7.14,6.94,6.87,3.7,Kha
SV1536,Duong Ngoc Oanh,23DTH1A,3.38,3.02,4.18,3.53,16.4,Yeu
SV1537,Hoang Van Hung,23DTH1B,7.77,6.69,6.25,6.9,2.5,Kha
SV1538,Do Thi Binh,23DTH1C,6.03,6.5,6.87,6.47,15.6,Kha
SV1539,Ho Gia Dung,23DTH1D,5.49,4.5,5.28,5.09,4.5,Trung binh
SV1540,Vo Minh Hai,23DTH2A,8.02,9.02,9.36,8.8,10.4,Xuat sac
SV1541,Dang Thu Linh,23DTH2B,8.17,7.54,8.46,8.06,14.2,Gioi
SV1542,Vo Huu Binh,23DTH2C,6.82,5.87,4.94,5.88,0,Kha
SV1543,Bui Anh Khoa,23DTH2D,7.06,7.71,6.88,7.22,12.3,Gioi
SV1544,Vu Thi Uyen,23DTH1A,6.01,5.82,5.84,5.89,7.5,Kha
SV1545,Hoang Huu Dat,23DTH1B,5.67,5.57,5.74,5.66,31.1,Kha
SV1546,Nguyen My Van,23DTH1C,6.45,5.19,5.62,5.75,7.2,Kha
SV1547,Hoang Gia Tuan,23DTH1D,5.56,7.04,6.74,6.45,11.3,Kha
SV1548,Vu Lan Mai,23DTH2A,8.22,9.23,8.91,8.79,9.8,Xuat sac
SV1549,Bui Thu Giang,23DTH2B,6.12,7.03,6.11,6.42,1.2,Kha
SV1550,Ngo Thanh Oanh,23DTH2C,3.63,4.44,5.2,4.42,7.4,Trung binh
SV1551,Ho Van Khang,23DTH2D,5.45,5.87,6.91,6.08,6.4,Kha
SV1552,Bui Huong Hoa,23DTH1A,5.11,6.14,5.05,5.43,17.2,Trung binh
SV1553,Huynh Thi Quyen,23DTH1B,8.97,8.65,7.78,8.47,4.1,Gioi
SV1554,Tran Quoc Phuc,23DTH1C,7.32,7.82,7.3,7.48,13.7,Gioi
SV1555,Pham Thanh Quyen,23DTH1D,6.06,6.25,6.51,6.27,2.3,Kha
SV1556,Le Gia Thanh,23DTH2A,5.44,6.09,5.7,5.74,10.3,Kha
SV1557,Bui Huong Binh,23DTH2B,8.56,8.57,8.91,8.68,4.6,Xuat sac
SV1558,Vo Hoang Khang,23DTH2C,7.9,7.43,8.3,7.88,1.4,Gioi
SV1559,Huynh Huu Tuan,23DTH2D,6.75,6.82,6.95,6.84,8.5,Kha
SV1560,Le Quoc An,23DTH1A,3.93,4.03,4.46,4.14,4.6,Trung binh
SV1561,Dang Anh Dat,23DTH1B,6.28,6.62,6.48,6.46,0,Kha
SV1562,Bui Ngoc Hoa,23DTH1C,8.56,7.08,7.43,7.69,19.0,Gioi
SV1563,Duong Thi Quyen,23DTH1D,7.17,6.82,6.75,6.91,0.5,Kha
SV1564,Vo My Nga,23DTH2A,6.14,5.87,5.55,5.85,9.5,Kha
SV1565,Ho Van Khang,23DTH2B,3.87,4.69,3.48,4.01,7.3,Trung binh
SV1566,Tran Anh Giang,23DTH2C,7.91,7.18,6.61,7.23,4.8,Gioi
SV1567,Duong Thu Ha,23DTH2D,4.92,5.14,5.32,5.13,19.8,Trung binh
SV1568,Bui Anh Minh,23DTH1A,7.96,7.39,6.25,7.2,9.3,Gioi
SV1569,Duong Hoang Tuan,23DTH1B,3.53,4.59,4.25,4.12,0,Trung binh
SV1570,Tran Quoc Phong,23DTH1C,8.63,7.68,7.44,7.92,12.0,Gioi
SV1571,Tran Duc Long,23DTH1D,7.6,8.57,6.82,7.66,3.9,Gioi
SV1572,Le Bich Oanh,23DTH2A,6.9,6.8,6.93,6.88,0,Kha
SV1573,Pham My An,23DTH2B,7.98,8.68,7.96,8.21,24.2,Gioi
SV1574,Ho Van Khang,23DTH2C,7.36,7.36,6.97,7.23,14.4,Gioi
SV1575,Bui Gia Dat,23DTH2D,7.45,8.45,8.05,7.98,0,Gioi
SV1576,Nguyen Huu Hung,23DTH1A,6.45,7.3,6.76,6.84,22.1,Kha
SV1577,Dang Bich Trang,23DTH1B,5.16,3.57,3.81,4.18,12.4,Trung binh
SV1578,Do Minh Giang,23DTH1C,7.22,4.59,4.31,5.37,2.8,Trung binh
SV1579,Nguyen Thu Linh,23DTH1D,6.92,6.9,6.19,6.67,10.9,Kha
SV1580,Phan Anh Phong,23DTH2A,6.16,5.17,5.19,5.51,1.9,Kha
SV1581,Ho Van Minh,23DTH2B,6.22,6.12,6.31,6.22,6.0,Kha
SV1582,Huynh Huong Chi,23DTH2C,5.74,4.97,6.07,5.59,17.0,Kha
SV1583,Dang Van Binh,23DTH2D,7.08,6.86,7.93,7.29,6.7,Gioi
SV1584,Huynh Huu Long,23DTH1A,7.75,7.07,7.27,7.36,7.4,Gioi
SV1585,Duong Huu Viet,23DTH1B,3.86,3.98,3.22,3.69,14.7,Yeu
SV1586,Dang Trung Son,23DTH1C,6.33,6.67,7.22,6.74,6.6,Kha
SV1587,Duong Thanh Trang,23DTH1D,5.15,5.38,4.85,5.13,10.2,Trung binh
SV1588,Vo Minh Hung,23DTH2A,7.05,5.73,6.81,6.53,7.6,Kha
SV1589,Do Van Dung,23DTH2B,9.04,9.17,9.71,9.31,6.7,Xuat sac
SV1590,Ho Trung An,23DTH2C,7.07,6.66,7.22,6.98,27.5,Kha
SV1591,Vu Hoang An,23DTH2D,5.71,6.87,5.59,6.06,3.3,Kha
SV1592,Nguyen Thanh Yen,23DTH1A,7.38,6.45,7.65,7.16,14.2,Gioi
SV1593,Ngo Thuy Mai,23DTH1B,5.56,4.52,5.02,5.03,14.6,Trung binh
SV1594,Pham Bich An,23DTH1C,6.83,6.87,7.66,7.12,7.0,Gioi
SV1595,Vo Duc Thanh,23DTH1D,6.4,8.57,7.92,7.63,12.8,Gioi
SV1596,Duong Cong Son,23DTH2A,6.2,5.87,5.49,5.85,0,Kha
SV1597,Pham Minh Dat,23DTH2B,6.4,7.05,7.44,6.96,18.7,Kha
SV1598,Tran Bich Van,23DTH2C,9.43,8.36,9.25,9.01,9.2,Xuat sac
SV1599,Le Hoang Giang,23DTH2D,5.05,6.12,5.98,5.72,5.1,Kha
SV1600,Huynh Thi Binh,23DTH1A,5.44,5.72,4.28,5.15,2.6,Trung binh
SV1601,Bui Huu Cuong,23DTH1B,7.12,8.59,7.09,7.6,9.4,Gioi
SV1602,Tran Hoang Binh,23DTH1C,6.13,6.74,5.84,6.24,19.1,Kha
SV1603,Duong Huong Ha,23DTH1D,8.02,7.96,6.52,7.5,7.8,Gioi
SV1604,Vu Huu Long,23DTH2A,4.91,4.61,4.51,4.68,2.7,Trung binh
SV1605,Hoang Ngoc Uyen,23DTH2B,6.72,6.62,6.72,6.69,15.1,Kha
SV1606,Vu My Thao,23DTH2C,8.1,9.87,7.62,8.53,9.5,Xuat sac
SV1607,Dang My Chi,23DTH2D,7.6,8.39,7.98,7.99,10.4,Gioi
SV1608,Bui Kim Thao,23DTH1A,9.37,8.69,7.93,8.66,0,Xuat sac
SV1609,Tran Kim Oanh,23DTH1B,5.73,5.73,5.17,5.54,8.8,Kha
SV1610,Duong Anh Viet,23DTH1C,6.58,7.68,7.08,7.11,11.0,Gioi
SV1611,Ho Quoc An,23DTH1D,8.27,6.86,7.15,7.43,10.3,Gioi
SV1612,Hoang Thuy Uyen,23DTH2A,4.59,4.08,3.69,4.12,16.4,Trung binh
SV1613,Duong Thi Ha,23DTH2B,6.15,6.71,6.83,6.56,0.8,Kha
SV1614,Bui Bich Nga,23DTH2C,9.65,9.01,9.3,9.32,0,Xuat sac
SV1615,Duong Trung Binh,23DTH2D,5.47,6.71,4.4,5.53,14.2,Kha
SV1616,Pham Lan Mai,23DTH1A,5.03,5.11,4.94,5.03,9.2,Trung binh
SV1617,Phan Lan Uyen,23DTH1B,7.96,7.68,7.91,7.85,9.6,Gioi
SV1618,Nguyen Cong Dung,23DTH1C,6.7,6.75,6.21,6.55,4.3,Kha
SV1619,Le Huong Trang,23DTH1D,4.43,4.54,4.55,4.51,17.5,Trung binh
SV1620,Duong Huu Phong,23DTH2A,6.59,7.13,6.43,6.72,7.6,Kha
SV1621,Ho Thuy Van,23DTH2B,7.85,8.14,8.45,8.15,12.4,Gioi
SV1622,Huynh Thu Yen,23DTH2C,8.6,7.03,7.79,7.81,0.8,Gioi
SV1623,Duong Huong Lan,23DTH2D,7.06,6.76,6.71,6.84,25.3,Kha
SV1624,Vu Quoc Khang,23DTH1A,7.34,7.26,7.97,7.52,3.8,Gioi
SV1625,Vo Thi Van,23DTH1B,5.77,6.83,5.96,6.19,7.6,Kha
SV1626,Dang Kim Duyen,23DTH1C,6.7,6.63,7.13,6.82,5.4,Kha
SV1627,Bui Huu Phuc,23DTH1D,6.73,6.87,8.0,7.2,13.4,Gioi
SV1628,Bui Lan Oanh,23DTH2A,5.38,4.85,6.53,5.59,11.7,Kha
SV1629,Phan Huong Binh,23DTH2B,6.48,6.39,5.69,6.19,13.1,Kha
SV1630,Dang Huong Trang,23DTH2C,5.98,4.07,5.22,5.09,4.3,Trung binh
SV1631,Pham Lan Oanh,23DTH2D,6.88,7.37,7.42,7.22,15.6,Gioi
SV1632,Bui My Uyen,23DTH1A,7.08,7.32,7.8,7.4,4.8,Gioi
SV1633,Vo Kim Ha,23DTH1B,4.38,3.64,3.91,3.98,2.7,Yeu
SV1634,Bui Duc Dung,23DTH1C,6.34,6.13,6.41,6.29,11.5,Kha
SV1635,Le Ngoc Thao,23DTH1D,7.98,8.0,7.11,7.7,8.0,Gioi
SV1636,Tran Thu Chi,23DTH2A,6.51,6.75,5.73,6.33,22.0,Kha
SV1637,Dang Thu Uyen,23DTH2B,6.75,7.28,7.75,7.26,9.8,Gioi
SV1638,Bui Kim An,23DTH2C,5.98,6.41,5.27,5.89,10.4,Kha
SV1639,Huynh Huu Thanh,23DTH2D,8.94,7.95,8.35,8.41,12.9,Gioi
SV1640,Phan Anh Giang,23DTH1A,7.23,8.35,8.13,7.9,8.5,Gioi
SV1641,Vu Huu Hung,23DTH1B,7.1,5.84,5.67,6.2,4.3,Kha
SV1642,Tran Trung Hung,23DTH1C,5.78,5.51,5.28,5.52,0,Kha
SV1643,Pham Bich An,23DTH1D,3.61,2.15,2.45,2.74,11.4,Yeu
SV1644,Vu Quoc Cuong,23DTH2A,8.31,8.62,9.14,8.69,15.6,Xuat sac
SV1645,Hoang Anh Dung,23DTH2B,7.59,7.5,7.96,7.68,3.3,Gioi
SV1646,Ngo Thu Oanh,23DTH2C,6.44,6.45,6.14,6.34,20.9,Kha
SV1647,Do Thanh Duyen,23DTH2D,6.64,7.85,7.59,7.36,12.3,Gioi
SV1648,Do Quoc Viet,23DTH1A,7.48,6.2,6.62,6.77,0,Kha
SV1649,Pham Cong Viet,23DTH1B,7.31,5.59,6.26,6.39,9.8,Kha
SV1650,Tran Thu Giang,23DTH1C,7.59,5.63,5.63,6.28,7.7,Kha
SV1651,Hoang Huu Thanh,23DTH1D,4.4,5.02,6.22,5.21,10.8,Trung binh
SV1652,Vu Hoang Hai,23DTH2A,5.84,6.18,5.35,5.79,20.3,Kha
SV1653,Hoang My An,23DTH2B,7.69,7.58,7.38,7.55,11.2,Gioi
SV1654,Pham Thi Binh,23DTH2C,2.26,1.58,2.1,1.98,9.6,Yeu
SV1655,Dang Gia Khang,23DTH2D,4.87,6.75,6.41,6.01,10.1,Kha
SV1656,Tran Cong Binh,23DTH1A,6.7,6.7,6.06,6.49,13.5,Kha
SV1657,Huynh Van Viet,23DTH1B,7.49,8.47,8.09,8.02,17.1,Gioi
SV1658,Ho Huong Phuong,23DTH1C,5.23,6.89,5.56,5.89,19.7,Kha
SV1659,Ngo Hoang Khoa,23DTH1D,5.74,6.31,4.82,5.62,18.7,Kha
SV1660,Dang Hoang Phong,23DTH2A,6.08,6.16,6.5,6.25,13.0,Kha
SV1661,Phan Huu Hung,23DTH2B,7.78,7.59,6.99,7.45,2.4,Gioi
SV1662,Dang Bich Uyen,23DTH2C,8.2,7.58,7.06,7.61,0,Gioi
SV1663,Hoang Thuy Quyen,23DTH2D,8.75,8.49,8.75,8.66,7.2,Xuat sac
SV1664,Vo Thu Giang,23DTH1A,5.7,6.76,7.98,6.81,1.6,Kha
SV1665,Pham Gia Dung,23DTH1B,7.75,7.79,6.96,7.5,2.0,Gioi
SV1666,Vu Huong Thao,23DTH1C,6.34,7.23,6.42,6.66,3.8,Kha
SV1667,Do Anh Tuan,23DTH1D,5.11,5.04,4.0,4.72,10.8,Trung binh
SV1668,Dang Bich Oanh,23DTH2A,8.08,7.1,7.81,7.66,9.3,Gioi
SV1669,Nguyen Kim Lan,23DTH2B,7.8,8.08,7.35,7.74,0,Gioi
SV1670,Tran Hoang Long,23DTH2C,7.56,8.07,8.13,7.92,3.9,Gioi
SV1671,Ho My Duyen,23DTH2D,4.23,6.07,4.56,4.95,6.7,Trung binh
SV1672,Bui Anh Viet,23DTH1A,6.61,5.16,5.76,5.84,12.5,Kha
SV1673,Ho Quoc Hung,23DTH1B,5.08,4.15,4.63,4.62,17.5,Trung binh
SV1674,Nguyen Lan Giang,23DTH1C,8.18,8.1,7.26,7.85,10.3,Gioi
SV1675,Dang Thuy Quyen,23DTH1D,2.75,3.62,4.84,3.74,16.5,Yeu
SV1676,Huynh Thi Binh,23DTH2A,6.33,6.53,7.45,6.77,19.8,Kha
SV1677,Huynh Anh Nam,23DTH2B,5.55,5.47,6.05,5.69,22.3,Kha
SV1678,Dang Huong Binh,23DTH2C,4.64,5.43,4.18,4.75,5.6,Trung binh
SV1679,Vo Gia Binh,23DTH2D,5.72,6.35,6.23,6.1,7.4,Kha
SV1680,Tran Anh An,23DTH1A,6.03,6.25,7.15,6.48,8.8,Kha
SV1681,Phan Huu Phong,23DTH1B,7.97,8.96,7.72,8.22,10.2,Gioi
SV1682,Le Huong Giang,23DTH1C,5.67,6.68,5.29,5.88,9.2,Kha
SV1683,Huynh Duc Nam,23DTH1D,6.98,5.79,6.12,6.3,10.6,Kha
SV1684,Vo Thi Van,23DTH2A,4.87,5.62,4.81,5.1,12.8,Trung binh
SV1685,Vo Van Tuan,23DTH2B,7.34,6.04,6.54,6.64,2.7,Kha
SV1686,Ngo Anh Binh,23DTH2C,5.88,6.42,5.59,5.96,8.7,Kha
SV1687,Le Quoc Hung,23DTH2D,5.41,4.91,5.29,5.2,2.1,Trung binh
SV1688,Pham Bich Uyen,23DTH1A,5.15,5.52,5.97,5.55,10.9,Kha
SV1689,Bui Trung Hai,23DTH1B,5.0,6.57,5.15,5.57,10.3,Kha
SV1690,Nguyen My Uyen,23DTH1C,3.78,5.28,5.2,4.75,22.6,Trung binh
SV1691,Nguyen Lan Van,23DTH1D,3.17,2.39,3.66,3.07,0,Yeu
SV1692,Do Huu Thanh,23DTH2A,7.24,7.23,7.19,7.22,3.3,Gioi
SV1693,Bui Lan Linh,23DTH2B,5.66,5.08,5.3,5.35,5.8,Trung binh
SV1694,Duong Van Dat,23DTH2C,7.67,7.99,7.32,7.66,0.8,Gioi
SV1695,Dang Bich Nhi,23DTH2D,7.81,5.96,6.66,6.81,4.9,Kha
SV1696,Huynh Cong Khoa,23DTH1A,5.76,5.08,6.98,5.94,11.3,Kha
SV1697,Vo Thuy Nhi,23DTH1B,7.06,7.39,8.3,7.58,8.0,Gioi
SV1698,Phan Hoang Minh,23DTH1C,5.21,5.74,5.18,5.38,13.9,Trung binh
SV1699,Ngo Cong An,23DTH1D,5.55,4.49,6.33,5.46,22.4,Trung binh
SV1700,Do Bich Nhi,23DTH2A,6.81,7.0,6.67,6.83,2.8,Kha
SV1701,Pham Quoc An,23DTH2B,6.93,6.55,7.16,6.88,9.3,Kha
SV1702,Tran Gia Long,23DTH2C,6.59,7.01,4.97,6.19,16.2,Kha
SV1703,Le Thu Ha,23DTH2D,9.15,9.04,7.9,8.7,9.8,Xuat sac
SV1704,Ngo Minh Khoa,23DTH1A,7.32,6.98,6.78,7.03,9.5,Gioi
SV1705,Phan Thanh Mai,23DTH1B,6.19,7.06,5.86,6.37,4.0,Kha
SV1706,Ngo Minh An,23DTH1C,5.72,4.77,5.99,5.49,0,Trung binh
SV1707,Vo Duc Dat,23DTH1D,5.5,4.9,5.09,5.16,17.6,Trung binh
SV1708,Bui Hoang Viet,23DTH2A,6.82,6.31,7.57,6.9,7.4,Kha
SV1709,Nguyen Gia Son,23DTH2B,5.85,5.94,5.73,5.84,13.3,Kha
SV1710,Tran Van Hai,23DTH2C,6.05,6.59,7.35,6.66,14.9,Kha
SV1711,Pham Quoc Phuc,23DTH2D,7.07,6.87,6.42,6.79,6.3,Kha
SV1712,Nguyen Hoang Hung,23DTH1A,5.59,6.54,6.37,6.17,0,Kha
SV1713,Phan Van Phong,23DTH1B,7.33,8.83,7.8,7.99,19.7,Gioi
SV1714,Huynh Kim Yen,23DTH1C,2.47,1.92,2.32,2.24,22.3,Yeu
SV1715,Vu Anh Tuan,23DTH1D,10,9.08,9.05,9.38,0,Xuat sac
SV1716,Le Quoc Dat,23DTH2A,8.3,9.09,7.8,8.4,9.9,Gioi
SV1717,Bui Thu Chi,23DTH2B,7.56,6.06,7.05,6.89,8.6,Kha
SV1718,Dang Thu Thao,23DTH2C,9.33,8.89,9.88,9.37,0,Xuat sac
SV1719,Vo Minh An,23DTH2D,5.21,4.77,3.6,4.53,1.0,Trung binh
SV1720,Huynh Duc Dat,23DTH1A,3.78,5.52,5.1,4.8,3.3,Trung binh
SV1721,Huynh Bich Phuong,23DTH1B,5.55,5.82,4.69,5.35,9.6,Trung binh
SV1722,Dang My Giang,23DTH1C,5.86,4.91,5.95,5.57,0,Kha
SV1723,Dang Duc Binh,23DTH1D,5.66,5.93,6.33,5.97,2.3,Kha
SV1724,Vo Minh An,23DTH2A,6.48,6.96,6.69,6.71,0,Kha
SV1725,Nguyen Thuy Quyen,23DTH2B,5.72,6.42,6.67,6.27,4.4,Kha
SV1726,Bui Minh Quan,23DTH2C,4.68,5.52,5.1,5.1,10.6,Trung binh
SV1727,Pham Ngoc Phuong,23DTH2D,7.65,7.18,7.16,7.33,0,Gioi
SV1728,Do Huong Nga,23DTH1A,6.54,8.23,7.5,7.42,15.5,Gioi
SV1729,Dang My Lan,23DTH1B,7.64,6.18,7.44,7.09,3.4,Gioi
SV1730,Ngo Thu Phuong,23DTH1C,4.28,3.35,5.23,4.29,7.1,Trung binh
SV1731,Do Minh Phuc,23DTH1D,10,9.2,9.03,9.41,19.6,Xuat sac
SV1732,Bui Lan Duyen,23DTH2A,6.51,6.47,7.35,6.78,28.3,Kha
SV1733,Vo Cong Dat,23DTH2B,5.24,5.98,5.78,5.67,6.0,Kha
SV1734,Bui Ngoc Mai,23DTH2C,7.3,6.35,6.01,6.55,8.2,Kha
SV1735,Bui Thanh Nga,23DTH2D,8.16,6.86,7.65,7.56,10.1,Gioi
SV1736,Pham Kim Linh,23DTH1A,6.28,6.0,7.03,6.44,14.4,Kha
SV1737,Bui Bich An,23DTH1B,7.04,6.69,7.62,7.12,8.8,Gioi
SV1738,Le Thu An,23DTH1C,6.63,5.85,5.58,6.02,27.7,Kha
SV1739,Duong Bich Quyen,23DTH1D,7.51,7.58,7.29,7.46,11.9,Gioi
SV1740,Do Cong Giang,23DTH2A,7.5,7.18,7.35,7.34,8.0,Gioi
SV1741,Ngo Anh Khang,23DTH2B,9.24,9.23,8.93,9.13,0,Xuat sac
SV1742,Phan My Giang,23DTH2C,5.57,4.79,5.19,5.18,16.4,Trung binh
SV1743,Phan Anh Quan,23DTH2D,7.76,8.66,9.12,8.51,0,Xuat sac
SV1744,Pham Ngoc Nhi,23DTH1A,8.48,9.92,8.48,8.96,12.3,Xuat sac
SV1745,Tran Anh Minh,23DTH1B,6.55,7.69,7.51,7.25,6.4,Gioi
SV1746,Ho Van Son,23DTH1C,5.95,5.08,6.07,5.7,13.4,Kha
SV1747,Pham Minh Nam,23DTH1D,7.73,8.17,7.69,7.86,12.3,Gioi
SV1748,Nguyen Hoang Long,23DTH2A,7.25,7.58,8.91,7.91,9.0,Gioi
SV1749,Duong Huu Hung,23DTH2B,6.93,6.52,4.92,6.12,13.6,Kha
SV1750,Hoang Minh Dat,23DTH2C,7.56,7.22,8.3,7.69,3.1,Gioi
SV1751,Ho Van Viet,23DTH2D,7.67,7.31,7.34,7.44,12.0,Gioi
SV1752,Huynh Thi Nga,23DTH1A,3.67,4.48,3.52,3.89,20.6,Yeu
SV1753,Dang Kim An,23DTH1B,4.17,4.29,3.05,3.84,21.6,Yeu
SV1754,Le Kim Lan,23DTH1C,6.0,6.14,6.9,6.35,10.9,Kha
SV1755,Hoang Huu Minh,23DTH1D,6.09,6.28,5.75,6.04,13.1,Kha
SV1756,Do Thuy Chi,23DTH2A,6.32,7.0,5.41,6.24,15.5,Kha
SV1757,Duong Anh Tuan,23DTH2B,8.36,8.34,8.12,8.27,4.0,Gioi
SV1758,Do Huu Tuan,23DTH2C,7.33,7.12,7.47,7.31,16.4,Gioi
SV1759,Tran My Nga,23DTH2D,4.7,4.85,5.06,4.87,0,Trung binh
SV1760,Tran My Duyen,23DTH1A,6.38,6.04,5.52,5.98,14.0,Kha
SV1761,Bui Quoc Giang,23DTH1B,6.6,6.14,6.38,6.37,13.7,Kha
SV1762,Bui My Van,23DTH1C,5.91,5.65,5.3,5.62,13.9,Kha
SV1763,Tran Kim Oanh,23DTH1D,7.36,7.34,7.5,7.4,14.0,Gioi
SV1764,Hoang Thi Nhi,23DTH2A,7.48,7.65,8.64,7.92,15.3,Gioi
SV1765,Do Lan Trang,23DTH2B,9.58,6.85,6.52,7.65,7.9,Gioi
SV1766,Tran Duc An,23DTH2C,6.59,5.87,6.14,6.2,12.6,Kha
SV1767,Duong Anh Son,23DTH2D,7.44,8.5,7.21,7.72,24.0,Gioi
SV1768,Vo Gia Dat,23DTH1A,8.43,8.8,8.74,8.66,8.3,Xuat sac
SV1769,Vu Huong Chi,23DTH1B,6.78,6.44,4.92,6.05,8.3,Kha
SV1770,Ho Lan Lan,23DTH1C,6.77,6.98,5.96,6.57,15.0,Kha
SV1771,Ngo Thanh Binh,23DTH1D,7.7,5.54,6.52,6.59,0,Kha
SV1772,Hoang Huu Quan,23DTH2A,6.41,5.88,6.89,6.39,8.6,Kha
SV1773,Ngo Minh Son,23DTH2B,3.38,2.88,2.78,3.01,33.9,Yeu
SV1774,Duong Anh Minh,23DTH2C,6.76,7.03,5.79,6.53,2.3,Kha
SV1775,Ngo My Duyen,23DTH2D,9.12,8.59,8.39,8.7,5.5,Xuat sac
SV1776,Dang Anh An,23DTH1A,4.75,5.53,4.68,4.99,16.4,Trung binh
SV1777,Dang Anh Son,23DTH1B,8.09,5.75,6.81,6.88,0,Kha
SV1778,Hoang Hoang Hai,23DTH1C,5.56,6.14,5.36,5.69,17.0,Kha
SV1779,Huynh Bich An,23DTH1D,8.01,7.68,8.0,7.9,10.2,Gioi
SV1780,Duong Thuy Trang,23DTH2A,8.58,8.32,8.59,8.5,8.3,Xuat sac
SV1781,Phan Van An,23DTH2B,3.95,4.26,3.51,3.91,11.0,Yeu
SV1782,Ho Quoc Giang,23DTH2C,7.49,7.63,7.92,7.68,5.9,Gioi
SV1783,Bui Quoc Thanh,23DTH2D,9.82,9.69,8.59,9.37,10.5,Xuat sac
SV1784,Ho Huong Nga,23DTH1A,6.49,5.94,6.17,6.2,10.7,Kha
SV1785,Tran Kim Linh,23DTH1B,5.93,5.54,5.55,5.67,8.7,Kha
SV1786,Ngo My Giang,23DTH1C,7.16,7.01,6.29,6.82,9.1,Kha
SV1787,Tran Huong Quyen,23DTH1D,7.97,8.2,8.53,8.23,4.8,Gioi
SV1788,Ngo Thanh Duyen,23DTH2A,6.92,7.26,7.65,7.28,14.4,Gioi
SV1789,Hoang Huu Cuong,23DTH2B,6.13,5.98,6.97,6.36,2.4,Kha
SV1790,Vu Lan Van,23DTH2C,5.45,5.96,5.37,5.59,14.0,Kha
SV1791,Pham Gia Dat,23DTH2D,6.85,6.74,5.6,6.4,15.0,Kha
SV1792,Ngo Minh Hung,23DTH1A,8.77,8.7,9.79,9.09,11.6,Xuat sac
SV1793,Huynh Cong Minh,23DTH1B,5.23,6.74,6.81,6.26,5.6,Kha
SV1794,Tran Cong Tuan,23DTH1C,5.44,6.77,6.45,6.22,0.8,Kha
SV1795,Phan Trung Hai,23DTH1D,6.46,8.05,6.81,7.11,1.1,Gioi
SV1796,Duong Kim Thao,23DTH2A,5.83,5.23,5.42,5.49,10.1,Trung binh
SV1797,Hoang Anh Giang,23DTH2B,3.67,4.02,4.36,4.02,8.6,Trung binh
SV1798,Pham Van Cuong,23DTH2C,6.62,7.1,7.44,7.05,12.4,Gioi
SV1799,Vu Gia Quan,23DTH2D,5.44,6.3,5.69,5.81,24.0,Kha
SV1800,Le Gia Khoa,23DTH1A,5.12,5.24,3.54,4.63,22.4,Trung binh
SV1801,Duong Lan Linh,23DTH1B,9.09,9.59,9.29,9.32,4.1,Xuat sac
SV1802,Dang Bich Quyen,23DTH1C,6.28,6.64,7.63,6.85,6.5,Kha
SV1803,Nguyen Ngoc Thao,23DTH1D,9.99,8.56,10,9.52,0.2,Xuat sac
SV1804,Bui Ngoc Van,23DTH2A,8.51,9.68,8.56,8.92,10.4,Xuat sac
SV1805,Duong Quoc Minh,23DTH2B,7.21,7.96,8.17,7.78,15.5,Gioi
SV1806,Tran Huu Cuong,23DTH2C,6.23,5.94,6.51,6.23,15.2,Kha
SV1807,Hoang Trung Binh,23DTH2D,6.8,6.27,7.17,6.75,15.4,Kha
SV1808,Bui Lan Uyen,23DTH1A,3.59,3.72,3.54,3.62,7.8,Yeu
SV1809,Tran Thuy Yen,23DTH1B,7.96,7.91,7.4,7.76,15.8,Gioi
SV1810,Nguyen Gia Cuong,23DTH1C,7.43,7.45,7.08,7.32,20.4,Gioi
SV1811,Bui Minh Viet,23DTH1D,7.13,6.7,7.05,6.96,6.8,Kha
SV1812,Hoang Kim Yen,23DTH2A,6.24,5.7,5.41,5.78,0,Kha
SV1813,Vu Thu An,23DTH2B,7.55,7.87,7.0,7.47,18.2,Gioi
SV1814,Hoang Thanh Van,23DTH2C,7.85,6.6,6.13,6.86,20.1,Kha
SV1815,Le My Linh,23DTH2D,5.84,5.8,6.25,5.96,5.0,Kha
SV1816,Vu Trung Phong,23DTH1A,7.66,7.44,6.92,7.34,0,Gioi
SV1817,Do Anh Cuong,23DTH1B,8.32,7.45,6.89,7.55,1.6,Gioi
SV1818,Duong Thuy Yen,23DTH1C,5.86,6.73,5.48,6.02,2.9,Kha
SV1819,Ngo Cong Binh,23DTH1D,8.21,8.16,9.11,8.49,0,Gioi
SV1820,Hoang Hoang Giang,23DTH2A,5.29,5.19,5.9,5.46,27.9,Trung binh
SV1821,Le Cong Khang,23DTH2B,6.83,5.6,7.5,6.64,18.8,Kha
SV1822,Nguyen Cong Son,23DTH2C,6.18,5.54,7.02,6.25,16.1,Kha
SV1823,Hoang Hoang Thanh,23DTH2D,5.67,4.94,5.2,5.27,14.0,Trung binh
SV1824,Duong Huu Dung,23DTH1A,3.26,4.47,4.1,3.94,34.3,Yeu
SV1825,Bui Hoang An,23DTH1B,6.61,6.89,6.36,6.62,14.7,Kha
SV1826,Nguyen Ngoc Phuong,23DTH1C,5.11,6.07,5.3,5.49,2.2,Trung binh
SV1827,Hoang Quoc Phong,23DTH1D,3.07,3.41,2.96,3.15,18.5,Yeu
SV1828,Le My Chi,23DTH2A,4.43,4.77,4.5,4.57,14.1,Trung binh
SV1829,Hoang My Oanh,23DTH2B,5.27,5.68,5.07,5.34,11.6,Trung binh
SV1830,Ho Minh Quan,23DTH2C,4.37,4.77,4.02,4.39,4.4,Trung binh
SV1831,Pham Cong Thanh,23DTH2D,5.1,4.65,4.49,4.75,7.4,Trung binh
SV1832,Vo Quoc Dat,23DTH1A,8.1,8.75,10,8.95,0,Xuat sac
SV1833,Hoang My Mai,23DTH1B,5.99,6.76,6.13,6.29,15.5,Kha
SV1834,Tran Thanh An,23DTH1C,6.94,7.39,7.04,7.12,13.3,Gioi
SV1835,Ho Thuy Thao,23DTH1D,9.36,8.32,9.73,9.14,0,Xuat sac
SV1836,Le Thi Oanh,23DTH2A,6.25,6.82,6.92,6.66,12.0,Kha
SV1837,Hoang Thi Giang,23DTH2B,7.26,7.32,7.76,7.45,3.0,Gioi
SV1838,Ngo Thuy Duyen,23DTH2C,4.84,4.98,5.47,5.1,10.9,Trung binh
SV1839,Huynh Cong Hai,23DTH2D,6.75,6.97,7.03,6.92,0,Kha
SV1840,Vo Thi Phuong,23DTH1A,9.44,9.94,9.26,9.55,1.2,Xuat sac
SV1841,Ho Huong Duyen,23DTH1B,5.73,5.54,5.18,5.48,22.2,Trung binh
SV1842,Bui Anh Khang,23DTH1C,8.91,8.84,8.49,8.75,13.0,Xuat sac
SV1843,Tran Ngoc Trang,23DTH1D,1.66,2.18,2.7,2.18,0,Yeu
SV1844,Ngo Cong Dung,23DTH2A,7.86,8.23,7.95,8.01,8.1,Gioi
SV1845,Phan Bich Van,23DTH2B,5.43,5.52,6.02,5.66,13.4,Kha
SV1846,Dang Cong Tuan,23DTH2C,6.85,6.9,7.28,7.01,0,Gioi
SV1847,Ho Thu Yen,23DTH2D,4.77,5.84,3.83,4.81,16.5,Trung binh
SV1848,Tran Thuy Uyen,23DTH1A,8.12,8.78,8.29,8.4,0,Gioi
SV1849,Vu Huu Long,23DTH1B,5.49,6.07,5.89,5.82,5.9,Kha
SV1850,Le Hoang Giang,23DTH1C,6.92,7.74,7.71,7.46,14.9,Gioi
SV1851,Tran Huu Thanh,23DTH1D,8.96,9.86,10,9.61,0,Xuat sac
SV1852,Dang My Linh,23DTH2A,6.43,5.31,5.96,5.9,11.6,Kha
SV1853,Pham Minh Cuong,23DTH2B,6.19,6.5,6.24,6.31,11.9,Kha
SV1854,Hoang Thanh An,23DTH2C,6.1,7.05,7.08,6.74,6.5,Kha
SV1855,Le Gia Hung,23DTH2D,6.34,5.15,6.91,6.13,6.0,Kha
SV1856,Vu Huu An,23DTH1A,4.6,3.95,4.08,4.21,6.4,Trung binh
SV1857,Do Thu Nga,23DTH1B,7.84,8.07,7.99,7.97,3.0,Gioi
SV1858,Dang Quoc Phong,23DTH1C,8.28,7.47,7.57,7.77,3.9,Gioi
SV1859,Dang Trung Dung,23DTH1D,5.96,6.15,6.59,6.23,8.0,Kha
SV1860,Tran Thu Thao,23DTH2A,5.91,5.33,4.84,5.36,21.2,Trung binh
SV1861,Ho Kim Chi,23DTH2B,5.95,7.97,6.75,6.89,15.6,Kha
SV1862,Vo Trung Son,23DTH2C,3.04,3.79,5.57,4.13,16.8,Trung binh
SV1863,Vo Van Phuc,23DTH2D,5.71,6.28,6.14,6.04,5.3,Kha
SV1864,Ho Kim Mai,23DTH1A,6.34,5.76,6.69,6.26,16.0,Kha
SV1865,Dang Lan Lan,23DTH1B,4.15,3.86,3.73,3.91,2.6,Yeu
SV1866,Do Gia Hung,23DTH1C,1.21,2.01,2.76,1.99,15.6,Yeu
SV1867,Le Gia Quan,23DTH1D,3.49,4.74,4.89,4.37,10.7,Trung binh
SV1868,Tran Duc Tuan,23DTH2A,5.94,6.2,6.73,6.29,0.7,Kha
SV1869,Le Gia Hai,23DTH2B,5.68,5.42,5.4,5.5,4.5,Kha
SV1870,Ho Thanh Quyen,23DTH2C,7.36,6.41,5.73,6.5,20.1,Kha
SV1871,Vu Cong Minh,23DTH2D,4.8,5.03,5.19,5.01,0,Trung binh
SV1872,Phan Kim Phuong,23DTH1A,6.21,7.14,7.0,6.78,14.9,Kha
SV1873,Le Kim Hoa,23DTH1B,6.67,5.89,6.14,6.23,8.1,Kha
SV1874,Vo Thanh Nhi,23DTH1C,5.71,6.25,5.28,5.75,34.4,Kha
SV1875,Nguyen Kim An,23DTH1D,9.03,8.66,7.57,8.42,13.7,Gioi
SV1876,Dang Thuy Linh,23DTH2A,7.87,6.82,7.89,7.53,27.7,Gioi
SV1877,Vu Gia Viet,23DTH2B,7.97,9.19,8.8,8.65,10.7,Xuat sac
SV1878,Ngo Van Phuc,23DTH2C,7.95,9.13,8.9,8.66,0,Xuat sac
SV1879,Ho Thi Duyen,23DTH2D,6.24,6.52,6.15,6.3,15.5,Kha
SV1880,Huynh Van Minh,23DTH1A,4.53,5.46,3.71,4.57,12.3,Trung binh
SV1881,Huynh Huong Binh,23DTH1B,5.03,7.63,4.39,5.68,0,Kha
SV1882,Le Minh Nam,23DTH1C,6.48,6.06,6.99,6.51,6.7,Kha
SV1883,Ho Huu Cuong,23DTH1D,9.08,8.12,8.01,8.4,6.5,Gioi
SV1884,Huynh Hoang Thanh,23DTH2A,4.6,5.15,4.01,4.59,11.1,Trung binh
SV1885,Pham Trung Thanh,23DTH2B,6.44,5.99,7.27,6.57,5.9,Kha
SV1886,Dang Thanh Oanh,23DTH2C,6.44,6.39,6.72,6.52,16.5,Kha
SV1887,Ngo Thu An,23DTH2D,6.23,5.77,6.7,6.23,18.8,Kha
SV1888,Ngo Duc Cuong,23DTH1A,4.14,5.0,5.29,4.81,20.2,Trung binh
SV1889,Nguyen Bich Linh,23DTH1B,6.48,7.27,7.22,6.99,14.7,Kha
SV1890,Ngo My Quyen,23DTH1C,7.94,8.28,7.15,7.79,7.2,Gioi
SV1891,Do Gia Khoa,23DTH1D,6.94,6.14,6.38,6.49,0,Kha
SV1892,Duong Duc Son,23DTH2A,4.19,5.08,4.72,4.66,20.6,Trung binh
SV1893,Duong Huu Nam,23DTH2B,5.19,5.91,5.72,5.61,12.1,Kha
SV1894,Huynh My Nhi,23DTH2C,7.93,7.8,7.59,7.77,15.3,Gioi
SV1895,Huynh Hoang Binh,23DTH2D,9.19,8.47,8.62,8.76,11.7,Xuat sac
SV1896,Hoang Huong Quyen,23DTH1A,10,8.33,8.29,8.87,10.9,Xuat sac
SV1897,Vu Huu Giang,23DTH1B,9.25,9.58,8.64,9.16,9.7,Xuat sac
SV1898,Vo Duc Dung,23DTH1C,7.7,6.85,6.99,7.18,11.7,Gioi
SV1899,Ho Thuy Yen,23DTH1D,3.86,6.0,5.11,4.99,4.6,Trung binh
SV1900,Phan Duc Tuan,23DTH2A,7.32,8.06,7.95,7.78,6.6,Gioi
SV1901,Le Van Phuc,23DTH2B,4.92,4.81,5.75,5.16,21.2,Trung binh
SV1902,Hoang Ngoc Binh,23DTH2C,6.29,6.9,5.18,6.12,20.9,Kha
SV1903,Vu Thuy Lan,23DTH2D,7.91,8.48,7.98,8.12,6.0,Gioi
SV1904,Phan Minh Minh,23DTH1A,7.52,7.2,6.01,6.91,13.9,Kha
SV1905,Duong Gia Son,23DTH1B,6.64,6.98,7.17,6.93,12.4,Kha
SV1906,Dang Huu Khoa,23DTH1C,6.89,4.04,5.61,5.51,2.7,Kha
SV1907,Vu Kim Duyen,23DTH1D,5.62,6.48,5.04,5.71,19.7,Kha
SV1908,Bui Minh Thanh,23DTH2A,3.91,4.99,5.77,4.89,17.0,Trung binh
SV1909,Bui Huong Van,23DTH2B,7.23,8.04,6.89,7.39,16.4,Gioi
SV1910,Le Thanh Linh,23DTH2C,6.65,6.95,7.6,7.07,0,Gioi
SV1911,Bui Thanh Thao,23DTH2D,4.75,4.21,5.09,4.68,8.0,Trung binh
SV1912,Huynh Thi Hoa,23DTH1A,7.23,8.47,7.7,7.8,10.4,Gioi
SV1913,Tran Bich Quyen,23DTH1B,6.35,5.93,6.62,6.3,5.5,Kha
SV1914,Phan Cong Thanh,23DTH1C,7.14,7.23,6.07,6.81,0,Kha
SV1915,Phan Anh An,23DTH1D,6.99,7.76,8.85,7.87,20.0,Gioi
SV1916,Vu My Nhi,23DTH2A,7.39,6.19,6.76,6.78,18.8,Kha
SV1917,Ngo Cong Hai,23DTH2B,5.47,6.68,6.31,6.15,15.4,Kha
SV1918,Pham Lan Trang,23DTH2C,3.39,2.5,2.21,2.7,24.3,Yeu
SV1919,Huynh Thu Nga,23DTH2D,5.63,4.23,5.41,5.09,20.6,Trung binh
SV1920,Vo Anh Long,23DTH1A,3.89,4.18,4.3,4.12,13.0,Trung binh
SV1921,Pham Van Long,23DTH1B,9.15,9.83,9.06,9.35,3.5,Xuat sac
SV1922,Hoang Thuy Binh,23DTH1C,4.19,4.17,3.98,4.11,17.6,Trung binh
SV1923,Hoang My Uyen,23DTH1D,6.06,6.33,6.93,6.44,5.3,Kha
SV1924,Ngo Thanh An,23DTH2A,7.38,7.2,6.43,7.0,7.5,Gioi
SV1925,Huynh Kim Mai,23DTH2B,5.96,5.64,5.81,5.8,5.4,Kha
SV1926,Vo Trung Thanh,23DTH2C,8.06,7.54,8.28,7.96,4.2,Gioi
SV1927,Vu Thu Thao,23DTH2D,4.73,3.79,5.56,4.69,16.5,Trung binh
SV1928,Ngo Huong Thao,23DTH1A,7.88,7.17,7.67,7.57,2.9,Gioi
SV1929,Dang Lan Uyen,23DTH1B,5.49,5.98,6.44,5.97,15.1,Kha
SV1930,Do Huu Viet,23DTH1C,6.63,7.06,6.41,6.7,17.9,Kha
SV1931,Phan Kim Uyen,23DTH1D,8.39,7.95,7.34,7.89,12.5,Gioi
SV1932,Pham Gia Cuong,23DTH2A,7.08,6.25,6.26,6.53,0,Kha
SV1933,Hoang Bich Hoa,23DTH2B,6.09,7.66,7.58,7.11,9.4,Gioi
SV1934,Vu Minh Nam,23DTH2C,8.76,8.12,8.39,8.42,13.3,Gioi
SV1935,Bui Trung Khoa,23DTH2D,6.04,6.86,6.79,6.56,0,Kha
SV1936,Pham Thuy Linh,23DTH1A,4.28,4.88,4.32,4.49,23.3,Trung binh
SV1937,Bui Thuy Lan,23DTH1B,7.96,7.08,7.24,7.43,10.6,Gioi
SV1938,Phan Lan Lan,23DTH1C,7.39,6.87,5.84,6.7,7.8,Kha
SV1939,Vo Cong Phuc,23DTH1D,8.55,8.14,8.1,8.26,1.5,Gioi
SV1940,Do Lan Chi,23DTH2A,6.48,6.66,6.81,6.65,0.5,Kha
SV1941,Nguyen Huu Son,23DTH2B,4.99,3.96,3.72,4.22,9.1,Trung binh
SV1942,Ho Thuy Trang,23DTH2C,4.21,4.48,5.9,4.86,5.0,Trung binh
SV1943,Phan Quoc Quan,23DTH2D,8.27,7.05,7.47,7.6,1.8,Gioi
SV1944,Huynh Thu Nhi,23DTH1A,6.08,5.69,6.4,6.06,6.8,Kha
SV1945,Huynh Thuy Thao,23DTH1B,8.72,7.44,7.34,7.83,7.9,Gioi
SV1946,Vu Lan Giang,23DTH1C,7.63,7.82,7.06,7.5,3.6,Gioi
SV1947,Le Huu Giang,23DTH1D,6.95,6.93,6.58,6.82,19.6,Kha
SV1948,Ho Gia Cuong,23DTH2A,9.29,8.11,9.83,9.08,9.7,Xuat sac
SV1949,Phan Thu Phuong,23DTH2B,3.13,3.7,4.39,3.74,15.6,Yeu
SV1950,Vo Duc Dung,23DTH2C,6.92,6.46,6.26,6.55,1.7,Kha
SV1951,Dang Bich Chi,23DTH2D,8.21,8.55,8.54,8.43,14.9,Gioi
SV1952,Duong Bich Quyen,23DTH1A,4.12,3.89,3.89,3.97,18.8,Yeu
SV1953,Bui Thuy Trang,23DTH1B,4.38,3.93,4.44,4.25,0,Trung binh
SV1954,Huynh Van Hung,23DTH1C,6.24,5.99,5.05,5.76,3.4,Kha
SV1955,Phan Trung Phuc,23DTH1D,7.43,6.86,7.21,7.17,2.0,Gioi
SV1956,Nguyen Ngoc Linh,23DTH2A,5.78,5.99,5.1,5.62,13.8,Kha
SV1957,Huynh Bich Van,23DTH2B,4.93,5.14,4.63,4.9,29.7,Trung binh
SV1958,Ho Thu Phuong,23DTH2C,9.67,8.5,8.88,9.02,0,Xuat sac
SV1959,Tran Lan Nga,23DTH2D,4.75,6.89,6.95,6.2,3.7,Kha
SV1960,Dang Huong Hoa,23DTH1A,7.24,5.07,6.23,6.18,25.6,Kha
SV1961,Nguyen Huu Dat,23DTH1B,6.16,6.99,6.52,6.56,2.2,Kha
SV1962,Vu Bich Giang,23DTH1C,4.52,4.2,4.61,4.44,0.3,Trung binh
SV1963,Ho Minh Phong,23DTH1D,6.4,5.71,5.9,6.0,7.6,Kha
SV1964,Bui Duc Quan,23DTH2A,3.13,2.79,3.47,3.13,25.1,Yeu
SV1965,Duong Huong Nhi,23DTH2B,6.96,6.91,7.77,7.21,11.0,Gioi
SV1966,Duong Thi Nhi,23DTH2C,7.74,7.48,8.12,7.78,11.2,Gioi
SV1967,Pham Thu Trang,23DTH2D,8.49,8.34,7.91,8.25,12.2,Gioi
SV1968,Pham Bich Uyen,23DTH1A,5.75,4.29,4.53,4.86,1.5,Trung binh
SV1969,Vu Van Giang,23DTH1B,6.3,6.48,4.16,5.65,10.7,Kha
SV1970,Bui Kim Thao,23DTH1C,8.02,7.68,6.88,7.53,15.9,Gioi
SV1971,Vo Huu Cuong,23DTH1D,6.75,7.02,6.28,6.68,15.5,Kha
SV1972,Do Thi Nhi,23DTH2A,5.68,6.05,6.7,6.14,0,Kha
SV1973,Hoang Thu Yen,23DTH2B,8.13,8.57,8.08,8.26,7.1,Gioi
SV1974,Tran Kim Nhi,23DTH2C,8.3,7.93,6.47,7.57,5.9,Gioi
SV1975,Huynh Kim Binh,23DTH2D,6.91,6.52,5.77,6.4,8.1,Kha
SV1976,Hoang Duc Viet,23DTH1A,7.83,8.41,10,8.75,4.5,Xuat sac
SV1977,Vo Trung Quan,23DTH1B,6.71,4.33,6.03,5.69,0,Kha
SV1978,Nguyen Gia Quan,23DTH1C,5.6,4.69,4.24,4.84,2.3,Trung binh
SV1979,Le My Phuong,23DTH1D,6.03,6.44,6.09,6.19,11.4,Kha
SV1980,Le Thi Trang,23DTH2A,8.29,7.86,7.09,7.75,7.2,Gioi
SV1981,Vo Thuy Nga,23DTH2B,3.24,3.27,3.52,3.34,10.3,Yeu
SV1982,Ngo Trung Viet,23DTH2C,4.83,4.06,3.43,4.11,14.1,Trung binh
SV1983,Le Huong Phuong,23DTH2D,8.24,8.89,9.16,8.76,9.1,Xuat sac
SV1984,Le Thi Uyen,23DTH1A,6.43,5.71,6.27,6.14,0.8,Kha
SV1985,Huynh Hoang Long,23DTH1B,8.94,9.88,8.2,9.01,9.6,Xuat sac
SV1986,Huynh Huu Son,23DTH1C,5.81,5.94,6.62,6.12,18.9,Kha
SV1987,Bui Kim Trang,23DTH1D,6.75,6.04,7.71,6.83,2.0,Kha
SV1988,Tran Anh Minh,23DTH2A,3.62,3.35,3.39,3.45,6.6,Yeu
SV1989,Huynh Thi Yen,23DTH2B,8.81,8.32,9.82,8.98,0,Xuat sac
SV1990,Dang Duc Dung,23DTH2C,3.66,3.94,3.65,3.75,13.1,Yeu
SV1991,Do Thanh Nhi,23DTH2D,6.48,6.65,7.3,6.81,6.9,Kha
SV1992,Tran Kim Lan,23DTH1A,7.32,8.59,7.55,7.82,9.1,Gioi
SV1993,Do Thu Phuong,23DTH1B,6.9,8.01,7.29,7.4,13.7,Gioi
SV1994,Ho Thanh Thao,23DTH1C,6.83,5.26,6.8,6.3,32.3,Kha
SV1995,Ho Anh Minh,23DTH1D,8.85,8.58,8.35,8.59,5.0,Xuat sac
SV1996,Dang Bich Nga,23DTH2A,7.17,5.51,6.33,6.34,10.8,Kha
SV1997,Pham Minh Dung,23DTH2B,6.51,6.98,5.24,6.24,14.4,Kha
SV1998,Tran Thu Hoa,23DTH2C,6.88,7.3,6.19,6.79,20.4,Kha
SV1999,Phan Van Thanh,23DTH2D,8.59,8.64,7.55,8.26,11.0,Gioi
SV2000,Ho Hoang Phuc,23DTH1A,5.42,5.35,5.95,5.57,0.7,Kha
